-- phpMyAdmin SQL Dump
-- version 3.3.2deb1ubuntu1
-- http://www.phpmyadmin.net
--
-- Hoszt: localhost
-- Létrehozás ideje: 2012. dec. 27. 20:42
-- Szerver verzió: 5.1.62
-- PHP verzió: 5.3.2-1ubuntu4.15

SET SQL_MODE="NO_AUTO_VALUE_ON_ZERO";


/*!40101 SET @OLD_CHARACTER_SET_CLIENT=@@CHARACTER_SET_CLIENT */;
/*!40101 SET @OLD_CHARACTER_SET_RESULTS=@@CHARACTER_SET_RESULTS */;
/*!40101 SET @OLD_COLLATION_CONNECTION=@@COLLATION_CONNECTION */;
/*!40101 SET NAMES utf8 */;

--
-- Adatbázis: `7merfold_development`
--

-- --------------------------------------------------------

--
-- Tábla szerkezet: `categories`
--

CREATE TABLE IF NOT EXISTS `categories` (
  `id` int(11) NOT NULL AUTO_INCREMENT,
  `slug` varchar(45) COLLATE utf8_hungarian_ci NOT NULL COMMENT 'milyen címen akarjuk elérni a kategóriát',
  `name` varchar(255) COLLATE utf8_hungarian_ci NOT NULL COMMENT 'Ez jelenik meg a menüben',
  `created` timestamp NOT NULL DEFAULT CURRENT_TIMESTAMP ON UPDATE CURRENT_TIMESTAMP,
  `keywords` varchar(255) COLLATE utf8_hungarian_ci NOT NULL,
  `title` varchar(255) COLLATE utf8_hungarian_ci NOT NULL,
  PRIMARY KEY (`id`),
  UNIQUE KEY `slug_UNIQUE` (`slug`)
) ENGINE=InnoDB  DEFAULT CHARSET=utf8 COLLATE=utf8_hungarian_ci COMMENT='Menü kategóriák' AUTO_INCREMENT=6 ;

--
-- A tábla adatainak kiíratása `categories`
--

INSERT INTO `categories` (`id`, `slug`, `name`, `created`, `keywords`, `title`) VALUES
(1, 'varosi-kalandok', 'Városi kalandok', '2012-12-13 12:28:27', 'Városi kalandok', 'Városi kalandok'),
(2, 'korutazasok', 'Körutazások', '2012-12-13 12:28:27', 'Körutazások', 'Körutazások'),
(3, 'nyaralasok-uveghegyen-tul', 'Üveghegyen túl', '2012-12-13 12:28:27', 'Üveghegyen túl', 'Üveghegyen túl'),
(4, 'nyaralasok-uveghegyen-innen', 'Üveghegyen innen', '2012-12-13 12:28:27', 'Üveghegyen innen', 'Üveghegyen innen'),
(5, 'felfedezoutak', 'Felfedezőutak', '2012-12-13 12:28:27', 'Felfedezőutak', 'Felfedezőutak');

-- --------------------------------------------------------

--
-- Tábla szerkezet: `contacts`
--

CREATE TABLE IF NOT EXISTS `contacts` (
  `id` int(11) NOT NULL AUTO_INCREMENT,
  `display` varchar(255) COLLATE utf8_hungarian_ci NOT NULL,
  `value` varchar(255) COLLATE utf8_hungarian_ci NOT NULL,
  `contact_type` varchar(5) COLLATE utf8_hungarian_ci NOT NULL,
  `order` int(11) NOT NULL,
  PRIMARY KEY (`id`)
) ENGINE=InnoDB DEFAULT CHARSET=utf8 COLLATE=utf8_hungarian_ci AUTO_INCREMENT=1 ;

--
-- A tábla adatainak kiíratása `contacts`
--


-- --------------------------------------------------------

--
-- Tábla szerkezet: `contents`
--

CREATE TABLE IF NOT EXISTS `contents` (
  `id` int(11) NOT NULL AUTO_INCREMENT,
  `title` varchar(255) COLLATE utf8_hungarian_ci NOT NULL,
  `slug` varchar(100) COLLATE utf8_hungarian_ci NOT NULL,
  `block_1_title` varchar(255) COLLATE utf8_hungarian_ci NOT NULL,
  `block_1_content` text COLLATE utf8_hungarian_ci NOT NULL,
  `block_2_title` varchar(255) COLLATE utf8_hungarian_ci NOT NULL,
  `block_2_content` text COLLATE utf8_hungarian_ci NOT NULL,
  `block_3_title` varchar(255) COLLATE utf8_hungarian_ci NOT NULL,
  `block_3_content` text COLLATE utf8_hungarian_ci NOT NULL,
  `keywords` varchar(255) COLLATE utf8_hungarian_ci NOT NULL,
  PRIMARY KEY (`id`)
) ENGINE=InnoDB  DEFAULT CHARSET=utf8 COLLATE=utf8_hungarian_ci AUTO_INCREMENT=5 ;

--
-- A tábla adatainak kiíratása `contents`
--

INSERT INTO `contents` (`id`, `title`, `slug`, `block_1_title`, `block_1_content`, `block_2_title`, `block_2_content`, `block_3_title`, `block_3_content`, `keywords`) VALUES
(1, 'Cégeknek', 'cegeknek', 'Utasbiztosítás', '<h3>Betegség-, baleset-, és poggyászbiztosítás</h3>\r\n		<p>Legyen szó akár városnézésről, tengerparti pihenésről, síelésről az utazás legnagyobb élményeink egyike. Egy baleset, betegség, vagy más, nem várt esemény azonban rémálommá teheti az utazást. Otthonunktól távol ezeket a helyzeteket kezelni sokkal nehezebb, és nem egy <strong>esetben megdöbbentően költséges is lehet</strong>. Ezért azt tanácsoljuk, hogy soha ne induljon el külföldre megfelelő utasbiztosítás nélkül. A nyugodt pihenéshez, kikapcsolódáshoz ma már hozzátartozik annak biztos tudata, hogy vészhelyzetben is biztosított a segítség.</p>\r\n		<p>Az utasbiztosítási termékek a biztosítási összegek erejéig állnak helyt - többek között - a sürgős betegségi és baleseti ellátások tetemes orvosi költségeire és az <strong>setlegesen felmerülő jogi költség terén is számíthatunk fedezetükre</strong>esetlegesen felmerülő jogi költség terén is számíthatunk fedezetükre. Természetesen nem minden utasbiztosítás nyújt egyformán teljes körű fedezetet, sőt még a megegyező elnevezések is különböző szolgáltatásokat takarhatnak.</p>\r\n		<p>Sajnos gyakori hiba, hogy az utasbiztosításokkal kapcsolatosan sokan főként a <em>poggyászbiztosításra</em> gondolnak, holott a poggyászkárok - bár meglehetősen fontosak - legrosszabb esetben is csak néhány százezres veszteséget jelentenek. Sokkal komolyabb anyagi terhet jelent viszont, ha <em>hazánktól távol megbetegszünk</em>, vagy baleset ér minket... Például egy komolyabb síbaleset után már a helikopteres mentés is milliós költséget jelenthet, de a kórházi kezelés még ehhez képest is sokszorosába kerülhet. A tengeren túl pedig egy viszonylag nem bonyolult kórházi kezelés is <a href="#">szinte hihetetlen végösszegű számlát eredményezhet</a>. A biztosításért fizetendő díj ugyanakkor csak töredéke az egész utazás összköltségének - és ez az, amin tényleg nem szabad spórolni.</p>\r\n		<p>Az utasbiztosítási szerződés birtokában nem csak anyagi helyzetünket érezhetjük biztonságban, de a biztosító assistance-központjától a váratlan helyzetekben valóban értékes segítséget kaphatunk.\r\nA biztosítók kínálata az alacsony határösszegeket és kevés szolgáltatást tartalmazó, de kedvező árú szerződésektől a minden igényt kielégítő, de értelemszerűen magasabb díjú szerződésekig széles skálán helyezkedik el.</p>\r\n<p>Irodánk a QBE Insurance (Europe) Limited Magyarországi Fióktelepének utasbiztosításait kínálja Önöknek.  A QBE csoport 1998-ban vásárolta fel az addig utasbiztosításairól ismert Atlasz Biztosítót. Azóta a Társaság megőrizte és megerősítette piacvezető szerepét az utasbiztosítások területén. Mi bátran ajánljuk Önnek ezeket a biztosításokat, Atlasz Assist-Card Privileg, Premium és Classic biztosításaink közül választhat, amelyből segítségünkkel kiválaszthatják az Önök számára legmegfelelőbbet.</p>\r\n<p>\r\n	<h3>Mire figyelj</h3>\r\n	<ul class="list">\r\n		<li>Köss biztosítást</li>\r\n		<li>Vigyél magaddal minden iratot</li>\r\n		<li>Ne feledd az útleveled</li>\r\n	</ul>\r\n</p>', '', '', '', '', ''),
(2, 'Szolgáltatások', 'szolgaltatasok', 'Utasbiztosítás', '<h3>Betegség-, baleset-, és poggyászbiztosítás</h3>\r\n		<p>Legyen szó akár városnézésről, tengerparti pihenésről, síelésről az utazás legnagyobb élményeink egyike. Egy baleset, betegség, vagy más, nem várt esemény azonban rémálommá teheti az utazást. Otthonunktól távol ezeket a helyzeteket kezelni sokkal nehezebb, és nem egy <strong>esetben megdöbbentően költséges is lehet</strong>. Ezért azt tanácsoljuk, hogy soha ne induljon el külföldre megfelelő utasbiztosítás nélkül. A nyugodt pihenéshez, kikapcsolódáshoz ma már hozzátartozik annak biztos tudata, hogy vészhelyzetben is biztosított a segítség.</p>\r\n		<p>Az utasbiztosítási termékek a biztosítási összegek erejéig állnak helyt - többek között - a sürgős betegségi és baleseti ellátások tetemes orvosi költségeire és az <strong>setlegesen felmerülő jogi költség terén is számíthatunk fedezetükre</strong>esetlegesen felmerülő jogi költség terén is számíthatunk fedezetükre. Természetesen nem minden utasbiztosítás nyújt egyformán teljes körű fedezetet, sőt még a megegyező elnevezések is különböző szolgáltatásokat takarhatnak.</p>\r\n		<p>Sajnos gyakori hiba, hogy az utasbiztosításokkal kapcsolatosan sokan főként a <em>poggyászbiztosításra</em> gondolnak, holott a poggyászkárok - bár meglehetősen fontosak - legrosszabb esetben is csak néhány százezres veszteséget jelentenek. Sokkal komolyabb anyagi terhet jelent viszont, ha <em>hazánktól távol megbetegszünk</em>, vagy baleset ér minket... Például egy komolyabb síbaleset után már a helikopteres mentés is milliós költséget jelenthet, de a kórházi kezelés még ehhez képest is sokszorosába kerülhet. A tengeren túl pedig egy viszonylag nem bonyolult kórházi kezelés is <a href="#">szinte hihetetlen végösszegű számlát eredményezhet</a>. A biztosításért fizetendő díj ugyanakkor csak töredéke az egész utazás összköltségének - és ez az, amin tényleg nem szabad spórolni.</p>\r\n		<p>Az utasbiztosítási szerződés birtokában nem csak anyagi helyzetünket érezhetjük biztonságban, de a biztosító assistance-központjától a váratlan helyzetekben valóban értékes segítséget kaphatunk.\r\nA biztosítók kínálata az alacsony határösszegeket és kevés szolgáltatást tartalmazó, de kedvező árú szerződésektől a minden igényt kielégítő, de értelemszerűen magasabb díjú szerződésekig széles skálán helyezkedik el.</p>\r\n<p>Irodánk a QBE Insurance (Europe) Limited Magyarországi Fióktelepének utasbiztosításait kínálja Önöknek.  A QBE csoport 1998-ban vásárolta fel az addig utasbiztosításairól ismert Atlasz Biztosítót. Azóta a Társaság megőrizte és megerősítette piacvezető szerepét az utasbiztosítások területén. Mi bátran ajánljuk Önnek ezeket a biztosításokat, Atlasz Assist-Card Privileg, Premium és Classic biztosításaink közül választhat, amelyből segítségünkkel kiválaszthatják az Önök számára legmegfelelőbbet.</p>\r\n<p>\r\n	<h3>Mire figyelj</h3>\r\n	<ul class="list">\r\n		<li>Köss biztosítást</li>\r\n		<li>Vigyél magaddal minden iratot</li>\r\n		<li>Ne feledd az útleveled</li>\r\n	</ul>\r\n</p>', '', '', '', '', ''),
(3, 'Utazási feltételek', 'utazasi-feltetelek', 'Utazási feltételek', '<h3>Betegség-, baleset-, és poggyászbiztosítás<span id="pastemarkerend">&nbsp;</span><br>\r\n\r\n</h3>\r\n\r\n<p>Legyen szó akár városnézésről, tengerparti pihenésről, síelésről az utazás legnagyobb élményeink egyike. Egy baleset, betegség, vagy más, nem várt esemény azonban rémálommá teheti az utazást. Otthonunktól távol ezeket a helyzeteket kezelni sokkal nehezebb, és nem egy <b>esetben megdöbbentően költséges is lehet</b>. Ezért azt tanácsoljuk, hogy soha ne induljon el külföldre megfelelő utasbiztosítás nélkül. A nyugodt pihenéshez, kikapcsolódáshoz ma már hozzátartozik annak biztos tudata, hogy vészhelyzetben is biztosított a segítség.</p>\r\n\r\n<p>Az utasbiztosítási termékek a biztosítási összegek erejéig állnak helyt - többek között - a sürgős betegségi és baleseti ellátások tetemes orvosi költségeire és az <b>setlegesen felmerülő jogi költség terén is számíthatunk fedezetükre</b>esetlegesen felmerülő jogi költség terén is számíthatunk fedezetükre. Természetesen nem minden utasbiztosítás nyújt egyformán teljes körű fedezetet, sőt még a megegyező elnevezések is különböző szolgáltatásokat takarhatnak.</p>\r\n\r\n<p>Sajnos gyakori hiba, hogy az utasbiztosításokkal kapcsolatosan sokan főként a <i>poggyászbiztosításra</i> gondolnak, holott a poggyászkárok - bár meglehetősen fontosak - legrosszabb esetben is csak néhány százezres veszteséget jelentenek. Sokkal komolyabb anyagi terhet jelent viszont, ha <i>hazánktól távol megbetegszünk</i>, vagy baleset ér minket... Például egy komolyabb síbaleset után már a helikopteres mentés is milliós költséget jelenthet, de a kórházi kezelés még ehhez képest is sokszorosába kerülhet. A tengeren túl pedig egy viszonylag nem bonyolult kórházi kezelés is <a href="#">szinte hihetetlen végösszegű számlát eredményezhet</a>. A biztosításért fizetendő díj ugyanakkor csak töredéke az egész utazás összköltségének - és ez az, amin tényleg nem szabad spórolni.</p>\r\n\r\n<p>Az utasbiztosítási szerződés birtokában nem csak anyagi helyzetünket érezhetjük biztonságban, de a biztosító assistance-központjától a váratlan helyzetekben valóban értékes segítséget kaphatunk.\r\nA biztosítók kínálata az alacsony határösszegeket és kevés szolgáltatást tartalmazó, de kedvező árú szerződésektől a minden igényt kielégítő, de értelemszerűen magasabb díjú szerződésekig széles skálán helyezkedik el.</p>\r\n\r\n<p>Irodánk a QBE Insurance (Europe) Limited Magyarországi Fióktelepének utasbiztosításait kínálja Önöknek.  A QBE csoport 1998-ban vásárolta fel az addig utasbiztosításairól ismert Atlasz Biztosítót. Azóta a Társaság megőrizte és megerősítette piacvezető szerepét az utasbiztosítások területén. Mi bátran ajánljuk Önnek ezeket a biztosításokat, Atlasz Assist-Card Privileg, Premium és Classic biztosításaink közül választhat, amelyből segítségünkkel kiválaszthatják az Önök számára legmegfelelőbbet.</p>\r\n\r\n<p>\r\n</p>\r\n\r\n<h3>Mire figyelj</h3>\r\n\r\n\r\n<ul>\r\n\r\n	<li>Köss biztosítást</li>\r\n\r\n	<li>Vigyél magaddal minden iratot</li>\r\n\r\n	<li>Ne feledd az útleveled</li>\r\n</ul>\r\n', 'Teendők kár esetén', '<p>Ha külföldön járva bármilyen kár történik, az első, és legfontosabb teendőnk, hogy értesítjük biztosítónk assistance-központját (ezt általában kedvezményes tarifával tehetjük meg, és magyar nyelven kaphatunk segítséget). Az assistance-központ értesítése két okból is nagyon fontos. Az első ok, hogy ennek elmulasztása esetén a biztosító igen alacsony összegben korlátozhatja a kártérítés mértékét - ez a szabályzatokban megtalálható előírás.</p>\r\n		<p>A második ok, hogy az assistance központól valóban értékes segítséget kaphatunk, ha bajba kerülünk. A segítség lehet az, hogy megtudjuk, hol van a legközelebbi egészségügyi intézmény, de lehet tolmácsszolgálat, vagy magasabb színvonalú szerződések esetében a jogi védelem megszervezése, vagy intézkedés óvadék kifizetésére.\r\nBaleset, lopás, rablás esetén ugyanúgy szükséges a helyi hatóságok értesítése, mintha ezek az események itthon történnének meg velünk, valamint a helyi hatóság igazolására itthon is szükségünk lesz a kárrendezés folyamatán, ezért ezt se mulasszuk el.</p>', '', '', ''),
(4, 'Ajándékutalvány', 'ajandekutalvany', 'Utasbiztosítás', '<h3>Betegség-, baleset-, és poggyászbiztosítás</h3>\r\n		<p>Legyen szó akár városnézésről, tengerparti pihenésről, síelésről az utazás legnagyobb élményeink egyike. Egy baleset, betegség, vagy más, nem várt esemény azonban rémálommá teheti az utazást. Otthonunktól távol ezeket a helyzeteket kezelni sokkal nehezebb, és nem egy <strong>esetben megdöbbentően költséges is lehet</strong>. Ezért azt tanácsoljuk, hogy soha ne induljon el külföldre megfelelő utasbiztosítás nélkül. A nyugodt pihenéshez, kikapcsolódáshoz ma már hozzátartozik annak biztos tudata, hogy vészhelyzetben is biztosított a segítség.</p>\r\n		<p>Az utasbiztosítási termékek a biztosítási összegek erejéig állnak helyt - többek között - a sürgős betegségi és baleseti ellátások tetemes orvosi költségeire és az <strong>setlegesen felmerülő jogi költség terén is számíthatunk fedezetükre</strong>esetlegesen felmerülő jogi költség terén is számíthatunk fedezetükre. Természetesen nem minden utasbiztosítás nyújt egyformán teljes körű fedezetet, sőt még a megegyező elnevezések is különböző szolgáltatásokat takarhatnak.</p>\r\n		<p>Sajnos gyakori hiba, hogy az utasbiztosításokkal kapcsolatosan sokan főként a <em>poggyászbiztosításra</em> gondolnak, holott a poggyászkárok - bár meglehetősen fontosak - legrosszabb esetben is csak néhány százezres veszteséget jelentenek. Sokkal komolyabb anyagi terhet jelent viszont, ha <em>hazánktól távol megbetegszünk</em>, vagy baleset ér minket... Például egy komolyabb síbaleset után már a helikopteres mentés is milliós költséget jelenthet, de a kórházi kezelés még ehhez képest is sokszorosába kerülhet. A tengeren túl pedig egy viszonylag nem bonyolult kórházi kezelés is <a href="#">szinte hihetetlen végösszegű számlát eredményezhet</a>. A biztosításért fizetendő díj ugyanakkor csak töredéke az egész utazás összköltségének - és ez az, amin tényleg nem szabad spórolni.</p>\r\n		<p>Az utasbiztosítási szerződés birtokában nem csak anyagi helyzetünket érezhetjük biztonságban, de a biztosító assistance-központjától a váratlan helyzetekben valóban értékes segítséget kaphatunk.\r\nA biztosítók kínálata az alacsony határösszegeket és kevés szolgáltatást tartalmazó, de kedvező árú szerződésektől a minden igényt kielégítő, de értelemszerűen magasabb díjú szerződésekig széles skálán helyezkedik el.</p>\r\n<p>Irodánk a QBE Insurance (Europe) Limited Magyarországi Fióktelepének utasbiztosításait kínálja Önöknek.  A QBE csoport 1998-ban vásárolta fel az addig utasbiztosításairól ismert Atlasz Biztosítót. Azóta a Társaság megőrizte és megerősítette piacvezető szerepét az utasbiztosítások területén. Mi bátran ajánljuk Önnek ezeket a biztosításokat, Atlasz Assist-Card Privileg, Premium és Classic biztosításaink közül választhat, amelyből segítségünkkel kiválaszthatják az Önök számára legmegfelelőbbet.</p>\r\n<p>\r\n	<h3>Mire figyelj</h3>\r\n	<ul class="list">\r\n		<li>Köss biztosítást</li>\r\n		<li>Vigyél magaddal minden iratot</li>\r\n		<li>Ne feledd az útleveled</li>\r\n	</ul>\r\n</p>', '', '', '', '', '');

-- --------------------------------------------------------

--
-- Tábla szerkezet: `continents`
--

CREATE TABLE IF NOT EXISTS `continents` (
  `id` int(11) NOT NULL AUTO_INCREMENT,
  `information` text COLLATE utf8_hungarian_ci NOT NULL COMMENT 'Kötelező országinformációk',
  `created` timestamp NOT NULL DEFAULT CURRENT_TIMESTAMP ON UPDATE CURRENT_TIMESTAMP,
  `name` varchar(255) COLLATE utf8_hungarian_ci NOT NULL,
  `image_file` varchar(255) COLLATE utf8_hungarian_ci NOT NULL,
  `slug` varchar(100) COLLATE utf8_hungarian_ci NOT NULL,
  `keywords` varchar(255) COLLATE utf8_hungarian_ci NOT NULL,
  `title` varchar(255) COLLATE utf8_hungarian_ci NOT NULL,
  PRIMARY KEY (`id`)
) ENGINE=InnoDB  DEFAULT CHARSET=utf8 COLLATE=utf8_hungarian_ci AUTO_INCREMENT=7 ;

--
-- A tábla adatainak kiíratása `continents`
--

INSERT INTO `continents` (`id`, `information`, `created`, `name`, `image_file`, `slug`, `keywords`, `title`) VALUES
(1, '', '2012-12-21 11:51:32', 'Európa', '', 'europa', '', ''),
(2, '', '2012-12-21 14:42:37', 'Ázsia', '', 'azsia', '', ''),
(3, '', '2012-12-21 14:41:21', 'Afrika', '', 'afrika', '', ''),
(4, '', '0000-00-00 00:00:00', 'Észak-Amerika', '', 'eszak-amerika', '', ''),
(5, '', '0000-00-00 00:00:00', 'Dél-amerika', '', 'del-amerika', '', ''),
(6, '', '0000-00-00 00:00:00', 'Ausztrália', '', 'ausztralia', '', '');

-- --------------------------------------------------------

--
-- Tábla szerkezet: `continent_images`
--

CREATE TABLE IF NOT EXISTS `continent_images` (
  `id` int(11) NOT NULL AUTO_INCREMENT,
  `title` varchar(100) COLLATE utf8_hungarian_ci NOT NULL,
  `image_file` varchar(100) COLLATE utf8_hungarian_ci NOT NULL,
  `continent_id` int(11) NOT NULL,
  `created` timestamp NOT NULL DEFAULT CURRENT_TIMESTAMP ON UPDATE CURRENT_TIMESTAMP,
  PRIMARY KEY (`id`)
) ENGINE=InnoDB DEFAULT CHARSET=utf8 COLLATE=utf8_hungarian_ci AUTO_INCREMENT=1 ;

--
-- A tábla adatainak kiíratása `continent_images`
--


-- --------------------------------------------------------

--
-- Tábla szerkezet: `countries`
--

CREATE TABLE IF NOT EXISTS `countries` (
  `id` int(11) NOT NULL AUTO_INCREMENT,
  `information` text COLLATE utf8_hungarian_ci NOT NULL COMMENT 'Kötelező országinformációk',
  `useful_information` text COLLATE utf8_hungarian_ci NOT NULL COMMENT 'Érdekességek és egyéb országgal kapcsolatos hasznos információk',
  `created` timestamp NOT NULL DEFAULT CURRENT_TIMESTAMP ON UPDATE CURRENT_TIMESTAMP,
  `name` varchar(255) COLLATE utf8_hungarian_ci NOT NULL,
  `visa_info` text COLLATE utf8_hungarian_ci,
  `image_file` varchar(255) COLLATE utf8_hungarian_ci NOT NULL,
  `slug` varchar(100) COLLATE utf8_hungarian_ci NOT NULL,
  `keywords` varchar(255) COLLATE utf8_hungarian_ci NOT NULL,
  `title` varchar(255) COLLATE utf8_hungarian_ci NOT NULL,
  `continent_id` int(11) NOT NULL,
  PRIMARY KEY (`id`)
) ENGINE=InnoDB  DEFAULT CHARSET=utf8 COLLATE=utf8_hungarian_ci AUTO_INCREMENT=19 ;

--
-- A tábla adatainak kiíratása `countries`
--

INSERT INTO `countries` (`id`, `information`, `useful_information`, `created`, `name`, `visa_info`, `image_file`, `slug`, `keywords`, `title`, `continent_id`) VALUES
(1, 'Görögország', 'Görögország hasznos', '2012-12-21 12:27:57', 'Görögország', 'vízum információ: Görögország', 'gorogo.png', 'Görögország1', 'Görögország', 'Görögország', 1),
(2, 'Deviza előírások: a belföldi és külföldi fizetőeszközök be- és kivitele nem korlátozott.\r\nEgészségügyi előírások: kötelező védőoltás nincs, több helyen a palackozott víz fogyasztása javasolt.\r\nElektromos feszültség: 220 V.\r\nPénznem: euro, 1 EUR = 100 cent. Nemzetközi hitelkártyák széles körben elfogadottak.\r\nIdőjárás: kontinentális', 'Franciaország nemzeti szimbóluma Marianne, a gall-sapkás nőalak, aki egyben a szabadság és a francia forradalom jelképe is. Az előző szimbólum a Gall Kakas volt, a vakmerő bátorság jelképe.\r\n\r\n<p>Szomszédai Belgium, Luxemburg, Németország, Svájc, Olaszország, Monaco, Andorra és Spanyolország. Tengerentúli függőségein keresztül határos Brazíliával, Suriname-mal és a Holland Antillákkal. Franciaországot és Nagy-Britanniát a La Manche-csatorna alatt futó Csalagút köti össze. Franciaország a legnagyobb területű nyugat-európai ország és a második legnagyobb kizárólagos gazdasági övezettel rendelkezik, mely több mint 11 millió négyzetkilométer területű.</p>', '2012-12-19 09:58:54', 'Franciaország', 'vízum információ: Franciaország', 'franciao.png', 'franciaorszag', 'Franciaország', 'Franciaország', 0),
(3, 'országinformáció: Spanyolország', 'A spanyol szó végső eredete a latin HISPANIOLUS, azaz kb. ’hispánka’, amely espaignol alakban került a provanszálba, onnan español írásmóddal a spanyolba, majd a többi (újlatin) nyelvbe. A magyar nyelvben egy északolasz nyelvjárási – s-sel ejtett – spagnol alak honosodott meg.', '2012-12-15 15:52:04', 'Spanyolország', 'vízum információ: Spanyolország', 'franciao.png', 'Spanyolország3', 'Spanyolország', 'Spanyolország', 0),
(4, 'országinformáció: Skócia', 'Skócia (angolul Scotland, skót gaelül Alba) Nyugat-Európában található, Nagy-Britannia második legnagyobb országrésze terület és népesség alapján. A Brit-sziget északi harmadát foglalja el, délről Anglia, keletről az Északi-tenger, északról és nyugatról az Atlanti-óceán határolja, délnyugatról pedig az Északi-csatorna és az Ír-tenger. Mintegy 790 sziget tartozik hozzá.', '2012-12-13 13:35:30', 'Skócia', 'vízum információ: Skócia', '3.jpeg', 'Skócia4', 'Skócia', 'Skócia', 0),
(5, 'A Német Szövetségi Köztársaság (németül Bundesrepublik Deutschland; nemzetközi szerződésekben, okmányokban, hivatalos fórumokon a Németországi Szövetségi Köztársaság megnevezés szerepel hivatalos országnévként) Európa vezető, s a világ negyedik vezető ipari és gazdasági nagyhatalma (az USA, Kína és Japán után), Közép-Európában fekszik.', 'A Német Szövetségi Köztársaság (németül Bundesrepublik Deutschland; nemzetközi szerződésekben, okmányokban, hivatalos fórumokon a Németországi Szövetségi Köztársaság megnevezés szerepel hivatalos országnévként) Európa vezető, s a világ negyedik vezető ipari és gazdasági nagyhatalma (az USA, Kína és Japán után), Közép-Európában fekszik.', '2012-12-15 15:52:11', 'Németország', NULL, 'franciao.png', 'nemetorszag', 'Németország', 'Németország', 0),
(6, 'A Magyarországnál hétszer kisebb területű szigetcsoport 690 szigete és több mint 2000 korallszirtje Floridától délkeletre ívelődik az Atlanti-óceánban.', 'A Magyarországnál hétszer kisebb területű szigetcsoport 690 szigete és több mint 2000 korallszirtje Floridától délkeletre ívelődik az Atlanti-óceánban.', '2012-12-21 12:35:13', 'Bahamák/Bermudák', NULL, 'franciao.png', 'bahamak-bermudak', '', '', 2),
(16, '', '', '0000-00-00 00:00:00', 'Írország', NULL, '', 'n-a', '', '', 1),
(17, '<p> <br>\r\n</p>\r\n', '<p> <br>\r\n\r\n</p>\r\n', '2012-12-26 10:30:08', 'Finnország', NULL, 'vegyes1.jpg', '1', 'Finnország', ' ', 1),
(18, '', '', '0000-00-00 00:00:00', 'Indonézia', NULL, 'vegyes.jpg', '1-1', '', '', 2);

-- --------------------------------------------------------

--
-- Tábla szerkezet: `country_images`
--

CREATE TABLE IF NOT EXISTS `country_images` (
  `id` int(11) NOT NULL AUTO_INCREMENT,
  `title` varchar(100) COLLATE utf8_hungarian_ci NOT NULL,
  `image_file` varchar(100) COLLATE utf8_hungarian_ci NOT NULL,
  `country_id` int(11) NOT NULL,
  `created` timestamp NOT NULL DEFAULT CURRENT_TIMESTAMP ON UPDATE CURRENT_TIMESTAMP,
  PRIMARY KEY (`id`)
) ENGINE=InnoDB  DEFAULT CHARSET=utf8 COLLATE=utf8_hungarian_ci AUTO_INCREMENT=5 ;

--
-- A tábla adatainak kiíratása `country_images`
--

INSERT INTO `country_images` (`id`, `title`, `image_file`, `country_id`, `created`) VALUES
(4, 'Első kép', '1Hamburg2_1_2.jpg', 14, '0000-00-00 00:00:00');

-- --------------------------------------------------------

--
-- Tábla szerkezet: `hotels`
--

CREATE TABLE IF NOT EXISTS `hotels` (
  `id` int(11) NOT NULL AUTO_INCREMENT,
  `name` varchar(255) COLLATE utf8_hungarian_ci NOT NULL,
  `star_rating` int(11) NOT NULL,
  `description` text COLLATE utf8_hungarian_ci,
  `accommodation` text COLLATE utf8_hungarian_ci NOT NULL,
  `price` varchar(255) COLLATE utf8_hungarian_ci NOT NULL,
  `trip_id` int(11) NOT NULL,
  `image_file` varchar(100) COLLATE utf8_hungarian_ci NOT NULL,
  PRIMARY KEY (`id`),
  KEY `trip_id` (`trip_id`)
) ENGINE=InnoDB  DEFAULT CHARSET=utf8 COLLATE=utf8_hungarian_ci AUTO_INCREMENT=15 ;

--
-- A tábla adatainak kiíratása `hotels`
--

INSERT INTO `hotels` (`id`, `name`, `star_rating`, `description`, `accommodation`, `price`, `trip_id`, `image_file`) VALUES
(1, 'Catalonia Aragón', 3, 'Az egyszerű, de barátságos szálloda a Sagrada amiliától alig pár lépésre épült. Tömegközlekedéssel vagy gyalogosan a város többi nevezetessége is könnyen megközelíthető. 160 szobája légkondicionált, telefonnal, tv-vel, széffel és hajszárítóval felszerelt. Szolgáltatásai: étterem, bár, parkoló.', 'Teszt hotel 1 ellátása', 'Kétágyas szoba 13 900 Ft/fő/éj reggelivel', 1, ''),
(2, 'A&O Hauptbahnhof', 2, 'A főpályaudvartól 10 perc sétára épült a szálloda. A Hafen-city és a legjelentősebb bevásárlóutcák is gyalogos távolságra vannak. A szobákban wifi, a hallban internetsarok várja a vendégeket. Szolgáltatásai: billiárd, csocsó, Nintendo játékok, bár. Szobái egyszerűen berendezettek.', 'Ellátás', 'Kétágyas szoba 12 200 Ft/fő/éjtől', 2, ''),
(3, 'Commodore', 3, 'A hoteltől néhány perc sétára van a kikötő, a belváros és a Reeperbahn negyed. Szobái barátságosan felszereltek, tv-vel, telefonnal, wifivel berendezettek. Szolgáltatásai: étterem, bár, parkoló.', '', 'Kétágyas szoba 16 700 Ft/fő/éjtől', 2, ''),
(5, 'Második hotel', 2, 'asdasdasd', '', '2322.000 Ft/fő', 18, ''),
(6, 'Hotel', 3, 'Leírás', '', '12400', 17, ''),
(7, 'Catalonia Aragon', 3, '<p><span style="Times New Roman&quot;;Times New Roman&quot;;color:#343434;">Az egyszerű, de barátságos szálloda a Sagrada amiliától alig pár lépésre épült.\r\nTömegközlekedéssel vagy gyalogosan a város többi nevezetessége is könnyen\r\nmegközelíthető. 160 szobája légkondicionált, telefonnal, tv-vel, széffel és\r\nhajszárítóval felszerelt. Szolgáltatásai: étterem, bár, parkoló.<br>\r\n\r\n<span id="pastemarkerend">&nbsp;</span><br>\r\n\r\n</span></p>\r\n', '', 'Kétágyas szoba 13 900 Ft/fő/éj reggelivel', 27, ''),
(8, 'Tryp Apolo', 4, '<p><span style="Times New Roman&quot;;Times New Roman&quot;;\r\ncolor:#343434;">A történelmi belvárosban, a Ramplas környékén áll a hotel. Elegáns\r\nszobái csendesek, kényelmesek, légkondicionáltak; wifi, telefon, minibár, tv,\r\níróasztal, hajszárító, széf áll a vendégek rendelkezésére. Szolgáltatásai:\r\nparkoló, fitneszterem (20 méterre a hoteltől, a szállóvendégeknek ingyenes),\r\ninternetsarok 6 számítógéppel. Étterem, kávézó és bár várja a helyi és\r\nnemzetközi specialitásokkal.<span id="pastemarkerend">&nbsp;</span></span></p>\r\n', '', 'Kétágyas szoba 20 300 Ft/fő/éj reggelivel', 27, ''),
(9, 'Catalonia Plaza Catalunya', 4, '<p><span style="Times New Roman&quot;;Times New Roman&quot;;\r\ncolor:#343434;">Barcelona központjában, a Ramblastól és a Plaza Catalunyától csak pár\r\nperc sétára található szállodának nemcsak a homlokzata különleges, hanem a\r\nnyüzsgő városban a nyugalom szigetét jelentő belső tere is, ahol a medencében\r\nlehet felfrissülni. Az 1881-ben készült épületet igyekeznek eredeti formájában\r\nmegtartani: lenyűgöző többek közt az impozáns lépcsősor, a különleges mennyezet\r\nés a mahagóni ajtók is. A vendégek a szállodalánc többi tagjának a spa- és\r\nwellnessrészlegét is látogathatják.<br>\r\n\r\n<span id="pastemarkerend">&nbsp;</span><br>\r\n\r\n</span></p>\r\n', '', 'Kétágyas szoba 21 500 Ft/fő/éj reggelivel', 27, ''),
(10, 'Melia Barcelona', 5, '<p><span style="Times New Roman&quot;;Times New Roman&quot;;\r\ncolor:#343434;">A város egyik legelegánsabb luxusszállodájának nemcsak elhelyezkedése\r\ntökéletes, de a spa részlege is mesés, éttermének kínálata pedig egészen\r\negyedülálló. Könnyen megközelíthető a történelmi belváros, a látványosságok, a\r\nlegjobb üzletek, éttermek és bárok. Ha fontos Önnek a személyre szabott\r\nkiszolgálás, válassza a „The Level” szobakategóriát és felejthetetlen\r\nélményekben lesz része! 333 szobájában hidromasszázs kád vagy zuhanyzó, LCD tv,\r\nADSL internet és különlegesen finom és kényelmes ágyneműk biztosítják a\r\ntökéletes kikapcsolódást. Éttermei, bárjai, a fitneszterem és a spa-részleg is\r\nigazi különlegességekkel várja.<span id="pastemarkerend">&nbsp;</span></span></p>\r\n', '', 'Kétágyas szoba 22 900 Ft/fő/éj reggelivel', 27, ''),
(11, 'A&O Berlin Mitte', 2, '<p><span style="Times New Roman&quot;;Times New Roman&quot;;\r\ncolor:#343434;">Berlin központjában a Spree folyótól nem messze, az Alexander tér és a\r\nkeleti pályaudar között, üzletek, bárok, éttermek szomszédságában található. A\r\nbárban billiárdozni és csocsózni lehet, a hallban internetsarok várja a\r\nvendégeket. Az egyszerűen berendezett szobákban wifi van.<br>\r\n\r\n<br>\r\n\r\n<span id="pastemarkerend">&nbsp;</span><br>\r\n\r\n</span></p>\r\n', '', 'Kétágyas szoba 11 200 Ft/fő/éjtől', 28, ''),
(12, 'BW Euro Hotel Berlin ***', 3, '<p><span style="Times New Roman&quot;;Times New Roman&quot;;color:#343434;">A modern szálloda központi elhelyezkedésű, az Alexanderplatz és a Brandenburg\r\nkapu is könnyen elérhető metróval. Szobái légkondicionáltak, tv-vel, minibárra,\r\ntelefonnal, hajszárítóval felszereltek, A 6. emeleti „télikertben” szolgálják\r\nfel a reggelit. A szálloda vendégei a szemközti hotelben ingyenesen\r\nhasználhatják a fitnesztermet és a szaunát.<br>\r\n\r\n<br>\r\n\r\n<span id="pastemarkerend">&nbsp;</span><br>\r\n\r\n</span></p>\r\n', '', 'Kétágyas szoba 12 700 Ft/fő/éjtől', 28, ''),
(13, 'Park Inn Berlin Alexanderplatz ****', 4, '<p><span style="Times New Roman&quot;;Times New Roman&quot;;\r\ncolor:#343434;"><br>\r\n\r\nAz 1012 szobás, 37 emeletes szálloda a városközpontban, a legendás\r\nAlexanderplatzon található. Panorámateraszáról az egész városra rálátni, a 37.\r\nemeleten egy kaszinó várja a játékosokat, wellness-részlegén szauna,\r\nfitneszterem, egészségbár és különféle masszázsok segítik a felfrissülést.\r\nSzobái a kategóriának megfelelően magas színvonalon berendezettek: márvány\r\nfürdőszoba, síkképernyős tv és szélessávú internet is biztosított.<br>\r\n\r\n<br>\r\n\r\n<span id="pastemarkerend">&nbsp;</span><br>\r\n\r\n</span></p>\r\n', '', 'Kétágyas szoba 13 600 Ft/fő/éjtől', 28, ''),
(14, 'Radisson Blu Hotel Berlin *****', 5, '<p><span style="Times New Roman&quot;;Times New Roman&quot;;\r\ncolor:#343434;"><br>\r\n\r\nA főváros szívében, a Spree-folyó partján helyezkedik el a hotel, a\r\nkatedrálissal és a Múzeumszigettel szemközt. Ízlésesen berendezett szobái\r\nminden kényelemmel felszereltek: többek közt szélessávú internettel, LCD\r\ntv-vel, széffel, minibárral. A szálloda különlegessége az átriumban található\r\nhenger alakú tengervizes akvárium számtalan színes hallal és élőlénnyel. Egy\r\nkétemeletes üvegfalú lift van a közepén, hogy jobban megfigyelhesse a\r\nkülönleges élővilágot. A spaban fitneszterem, medence, többféle szauna és\r\nmasszázs kényezteti a vendégeket.<br>\r\n\r\n<br>\r\n\r\n<span id="pastemarkerend">&nbsp;</span><br>\r\n\r\n</span></p>\r\n', '', 'Kétágyas szoba 20 000 Ft/fő/éjtől. Vásárok, kiállítások és egyéb kiemelt rendezvények alatt az árak nem biztos, hogy érvényesek. Erre vonatkozóan kérjük kérje pontos ajánlatunkat!', 28, '');

-- --------------------------------------------------------

--
-- Tábla szerkezet: `maps`
--

CREATE TABLE IF NOT EXISTS `maps` (
  `id` int(11) NOT NULL AUTO_INCREMENT,
  `lat` varchar(20) COLLATE utf8_hungarian_ci NOT NULL,
  `lng` varchar(20) COLLATE utf8_hungarian_ci NOT NULL,
  `trip_id` int(11) NOT NULL,
  `created` timestamp NOT NULL DEFAULT CURRENT_TIMESTAMP ON UPDATE CURRENT_TIMESTAMP,
  PRIMARY KEY (`id`)
) ENGINE=InnoDB  DEFAULT CHARSET=utf8 COLLATE=utf8_hungarian_ci AUTO_INCREMENT=3 ;

--
-- A tábla adatainak kiíratása `maps`
--

INSERT INTO `maps` (`id`, `lat`, `lng`, `trip_id`, `created`) VALUES
(1, '40.737102', '-73.990318', 6, '2012-12-14 12:15:48'),
(2, '40.749825', '-73.987963', 6, '2012-12-14 12:15:48');

-- --------------------------------------------------------

--
-- Tábla szerkezet: `news`
--

CREATE TABLE IF NOT EXISTS `news` (
  `id` int(11) NOT NULL AUTO_INCREMENT,
  `title` varchar(255) COLLATE utf8_hungarian_ci NOT NULL,
  `content` text COLLATE utf8_hungarian_ci NOT NULL,
  `image_file` varchar(255) COLLATE utf8_hungarian_ci NOT NULL,
  `created` timestamp NOT NULL DEFAULT CURRENT_TIMESTAMP ON UPDATE CURRENT_TIMESTAMP,
  `slug` varchar(100) COLLATE utf8_hungarian_ci NOT NULL,
  `keywords` varchar(255) COLLATE utf8_hungarian_ci NOT NULL,
  `page_title` varchar(255) COLLATE utf8_hungarian_ci NOT NULL,
  PRIMARY KEY (`id`)
) ENGINE=InnoDB  DEFAULT CHARSET=utf8 COLLATE=utf8_hungarian_ci AUTO_INCREMENT=3 ;

--
-- A tábla adatainak kiíratása `news`
--

INSERT INTO `news` (`id`, `title`, `content`, `image_file`, `created`, `slug`, `keywords`, `page_title`) VALUES
(1, 'Sokan szeretnek nyaralni!', 'Kutatók megállapították, hogy a nyaralás jó.2', '3.jpeg', '2012-12-14 12:50:52', 'sokan-szeretnek-nyaralni', 'Sokan szeretnek nyaralni!', 'Sokan szeretnek nyaralni!'),
(2, 'A hajó utak menők!', 'Brit tudósok kimutatták, hogy az emberek 98%-a imádja a hajókat. Miért ne nyaralna ön is hajón?', '3.jpeg', '2012-12-13 13:31:07', 'a-hajo-utak-menok', 'A hajó utak menők!', 'A hajó utak menők!');

-- --------------------------------------------------------

--
-- Tábla szerkezet: `programs`
--

CREATE TABLE IF NOT EXISTS `programs` (
  `id` int(11) NOT NULL AUTO_INCREMENT,
  `name` varchar(255) COLLATE utf8_hungarian_ci NOT NULL,
  `description` text COLLATE utf8_hungarian_ci NOT NULL,
  `image_file` varchar(255) COLLATE utf8_hungarian_ci DEFAULT NULL,
  `trip_id` int(11) NOT NULL,
  PRIMARY KEY (`id`),
  KEY `trip_id` (`trip_id`)
) ENGINE=InnoDB  DEFAULT CHARSET=utf8 COLLATE=utf8_hungarian_ci AUTO_INCREMENT=24 ;

--
-- A tábla adatainak kiíratása `programs`
--

INSERT INTO `programs` (`id`, `name`, `description`, `image_file`, `trip_id`) VALUES
(1, '1. nap', 'leírás', NULL, 1),
(2, '1. nap', 'Elutazás Budapestről menetrend szerinti járattal, átszállással. Érkezés Edinburghba a késő délutáni órákban. Vacsora és szállás Edinburghban.', '3.jpeg', 6),
(3, '2. nap', 'Egész napos városnézés Edinburghban. Először panorámás városnézés: a város „új” negyede: az 1766 és 1840 között emelt épületek között elbűvölő terek és kertek láthatók. Az óváros látnivalói: a Royal Mile, a Grass market, a Cowgate, a Skót Királyi Múzeum, majd az Edinburgh kastély és a Holyrood House megtekintése, amely a királyi család szálláshelye volt. Vacsora és szállás Edinburghban.', '3.jpeg', 6),
(4, '3. nap', 'Látogatás Stirlingbe, a vár megtekintése, ami az egyik legnagyobb és – úgy építészetileg, mint történelmileg – legfontosabb vár Skóciában. Látogatás Doune kastélyában, ahol a Gyalog galopp című film több jelenetét is forgatták. A tavakkal és erdőkkel tarkított The Trossachs Nemzeti Parkon, majd Glencoe vidékén keresztül továbbutazás Fort Williambe. Vacsora és szállás Fort William környékén.', '3.jpeg', 6),
(5, '4. nap', 'Egész napos kirándulás a Skye szigetre. Elsőnek az 1745-ös felkelés emlékére emelt Glenfinnan emlékmű felkeresése. Rövid kompos utazás Mallaigből a sziget déli csücskére, Armadale-be. A Cuillin hegyeken át északra utazva Portree halászfaluig jutunk, ahonnan busszal folytatjuk az utat a szárazföldre. Ezután az 1214-ben épült Eilean Donan vár megtekintésére kerül sor, amely számos filmnek szolgált díszletül. Vacsora és szállás Fort William környékén.', '3.jpeg', 6),
(6, '5. nap', 'Utazás az Urqhuart kastélyhoz a „rémektől hemzsegő” Loch Ness-i tó melett. Az úton érdemes ébernek lenni, hátha Nessi is felbukkan a tó vizén. Skócia leghíresebb kiállításának a Loch Ness 2000-nek a meglátogatása, majd késő délután utazás Invernessbe. Vacsora és szállás Inverness környékén.', '3.jpeg', 6),
(7, '6. nap', 'Délelőtt az 1746-os csata helyszíne, Culloden Moor megtekintése, ahol az angol kormány csapatai leverték a lázadást. Majd látogatás a Speyside régióban fekvő híres Glenfiddich whiskey lepárlóba, ahol a helyi szakemberek bemutatják az ital elkészítésének menetét, majd kóstolásra nyílik lehetőség. Ezután az Elgin katedrális romjainak megtekintése, melynek története a 13. századra nyúlik vissza. Vacsora és szállás Inverness környékén.', '3.jpeg', 6),
(8, '7. nap', 'Továbbutazás Perth irányába. A Blair kastély, majd a Pitlochry felkeresése. Ha valaki az előző nap elmulasztotta volna a whisky kóstolást, akkor most Skócia legkisebb lepárlóját tekintheti meg, az Edradour lepárlót, amely 1825 óta készíti a finom italt. Néhány mérföldre, északra látható a Scone palota, amely a skót uralkodók koronázási helye volt. Délután visszaérkezés Perthbe, vacsora és szállás Perthben.', '3.jpeg', 6),
(9, '8. nap', 'Transzfer a repülőtérre, elutazás Budapestre a menetrend szerint.', '3.jpeg', 6),
(10, '1. nap', 'Elutazás Budapestről menetrend szerinti járattal, átszállással. Érkezés Edinburghba a késő délutáni órákban. Vacsora és szállás Edinburghban.', 'Skocia_Edinburgh.jpg', 3),
(11, '2. nap', 'Egész napos városnézés Edinburghban. Először panorámás városnézés: a város „új” negyede: az 1766 és 1840 között emelt épületek között elbűvölő terek és kertek láthatók. Az óváros látnivalói: a Royal Mile, a Grass market, a Cowgate, a Skót Királyi Múzeum, majd az Edinburgh kastély és a Holyrood House megtekintése, amely a királyi család szálláshelye volt. Vacsora és szállás Edinburghban.', 'Skocia_Stirling.jpg', 3),
(12, '3. nap', 'Látogatás Stirlingbe, a vár megtekintése, ami az egyik legnagyobb és – úgy építészetileg, mint történelmileg – legfontosabb vár Skóciában. Látogatás Doune kastélyában, ahol a Gyalog galopp című film több jelenetét is forgatták. A tavakkal és erdőkkel tarkított The Trossachs Nemzeti Parkon, majd Glencoe vidékén keresztül továbbutazás Fort Williambe. Vacsora és szállás Fort William környékén.', 'Skocia_Urquhart.jpg', 3),
(13, 'Első program', 'Leírása', '111Hamburg2.jpg', 19),
(14, 'Első program', 'leírás hozzá', '1111Hamburg2.jpg', 22),
(15, 'Név2', 'asdsadaslékdja', '1Hamburg2.jpg_1Array', 22),
(16, '3. program', 'asdasd', '1Hamburg2.jpg_1jpg', 22),
(17, '4. nap', 'asdasdas', '2_1.png', 22),
(18, '1. program', '<p>asdasasdas</p>\r\n', '1Hamburg2_1.jpg', 26),
(19, ' Érkezés Livingstone-ba. ', '<p>Transzfer a hotelbe, szabadidő.<span id="pastemarkerend">&nbsp;</span></p>\r\n', '948_botswana2.jpg', 31),
(20, 'Egész napos kirándulás a Viktória-vízeséshez', '<p>A Zambia és Zimbabwe határán található „robajló füst” a legszélesebb \r\nzuhataggal rendelkező vízesés a Földön. Környéke nemzeti park, a vízesés\r\n pedig az Unesco védelme alatt áll. Az esős évszakban a robaj és a közel\r\n 500 méteres párafüggöny látványa lenyűgöző, száraz évszakban a száz \r\nméter magas kőfaragványok megtekintésére is lehetőség nyílik. A vízesés \r\nmindkét országból, oldalról, felülről és alulról is megtekinthető.<span id="pastemarkerend">&nbsp;</span></p>\r\n', '974_moremi6.jpg', 31),
(21, 'Livingstone – Chobe nemzeti park', '<p>Átkelés a Zambézi-folyón, majd Kasane irányába utazás Botswanába. \r\nÉrkezés után hajóút a Chobe-folyón naplementekor. A Chobe nemzeti park \r\naz ország második legnagyobb területű védett parkja és itt található a \r\nlegnagyobb számú elefántpopuláció. A növényevő állatfajok sokasága miatt\r\n rengeteg ragadozót is megfigyelhetsz.<span id="pastemarkerend">&nbsp;</span></p>\r\n', '975_moremi7.jpg', 31),
(22, 'Chobe Nemzeti park', '<p><strong> </strong>Terepjáróval vagy hajóval indulhatsz a park felfedezésére: elefántokat,\r\n antilopokat, vízilovakat, krokodilokat, oroszlánokat, gepárdokat, \r\nleopárdokat, foltos hiénákat, zebrákat és gnúkat láthatsz. A napnyugta \r\nután a csillagokban és a helyi lakosok táncában gyönyörködhetsz.<span id="pastemarkerend">&nbsp;</span></p>\r\n', 'botswana3.jpg', 31),
(23, 'Moremi vadrezervátum', '<p>Dzsippes vagy csónakos szafarit ajánlunk a vadrezervátumban, ami a \r\nnagyobb vadak és az impalák mellett ideális a madármegfigyelésre is, \r\nmivel közel 500 madárfajnak ad otthont. A jól megfigyelhető szavannai \r\nvadakon kívül a fás területeken leopárdok is élnek. A terület azért nem \r\nnemzeti park, hanem vadrezervátum, mert kialakításának idején még saját \r\nterületükön élhettek a busmanok, akiket azóta kitelepítettek. Tapasztalt\r\n és felfegyverzett vadőr társaságában gyalogosan is kirándulhatsz a \r\nparkban.<span id="pastemarkerend">&nbsp;</span></p>\r\n', 'botswana1.jpg', 31);

-- --------------------------------------------------------

--
-- Tábla szerkezet: `regions`
--

CREATE TABLE IF NOT EXISTS `regions` (
  `id` int(11) NOT NULL AUTO_INCREMENT,
  `country_id` int(11) NOT NULL COMMENT 'Ország azonosítója',
  `description` text COLLATE utf8_hungarian_ci,
  `created` timestamp NOT NULL DEFAULT CURRENT_TIMESTAMP ON UPDATE CURRENT_TIMESTAMP,
  `name` varchar(255) COLLATE utf8_hungarian_ci NOT NULL,
  `slug` varchar(100) COLLATE utf8_hungarian_ci NOT NULL,
  `title` varchar(255) COLLATE utf8_hungarian_ci NOT NULL,
  `keywords` varchar(255) COLLATE utf8_hungarian_ci NOT NULL,
  PRIMARY KEY (`id`),
  KEY `country` (`country_id`)
) ENGINE=InnoDB  DEFAULT CHARSET=utf8 COLLATE=utf8_hungarian_ci COMMENT='Országok régióinak tárolása' AUTO_INCREMENT=6 ;

--
-- A tábla adatainak kiíratása `regions`
--

INSERT INTO `regions` (`id`, `country_id`, `description`, `created`, `name`, `slug`, `title`, `keywords`) VALUES
(1, 1, 'Kréta leírása', '2012-12-18 15:15:52', 'Kréta', 'n-a', '', ''),
(2, 1, 'Korfu leírása', '0000-00-00 00:00:00', 'Korfu', '', '', ''),
(3, 2, 'Korzika (franciául: Corse, korzikaiul: Corsica) a Földközi-tenger negyedik legnagyobb szigete (Szicília, Szardínia, és Ciprus után). Olaszországtól nyugatra, Szardínia szigetétől északra, Franciaországtól pedig délkeletre fekszik. A szigetet a Ligúr-tenger választja el a szárazföldtől.\r\n\r\n<p>Korzika Franciaország 26 régiójának egyike, noha a jog magát Korzika szigetét "kollektív territórumként" határozza meg. Számos olyan fontos jogot élvez, amely nagyobb hatáskört biztosít számára, mint amennyi a többi régió rendelkezésére áll, de összességében jogi helyzete mégiscsak a többi régióéhoz hasonló. A köznyelvben Korzikát mindenesetre csak mint régiont említik meg.</p>\r\n\r\n<p>A sziget Bonaparte Napóleon szülőhelyeként ismert és igazi kis paradicsom, "karnyújtásnyira" a Földközi-tenger szívében, egy mindössze dunántúlnyi területen. Egy sziget, mely dúskál a fényben, az ízekben és az illatokban... Az ezerarcú sziget szintén találó jelző Korzikáról szólva, mert olyan, mint egy nagy könyv, melyben lapozgatva egymás után fedezzük fel titkait. A fellegvárak és falvak szigorú és büszke arculatát, barokk templomainak népies kedélyességét, a genovai őrtornyok füzérét, de mindenekelőtt természeti szépségeit, a kristálytiszta, türkízkék öblöket, 2000 méternél is magasabb hegyeket, a köztük megbúvó tengerszemeket, a vadregényes folyóvölgyeket, a szédítően meredek sziklafalakat....</p>', '2012-12-19 09:52:54', 'Korzika', 'korzika', '', ''),
(4, 2, 'Cote d azur', '0000-00-00 00:00:00', 'Cote d azur', '', '', ''),
(5, 18, '<p>Az indonéz szigetvilág 18 000 tagjának egyike Bali. A legkedveltebb és \r\nlegnépesebb sziget mágikus és misztikus világa látogatók sokaságát \r\nvonzza. Az istenek és démonok szigetét behálózó szent helyek, a \r\nszínpompás vallási díszmenetek, a balinéz történelmet felelevenítő, \r\nmisztikus táncelőadások, és a különféle kézműves remekeket kínáló piciny\r\n falvak megannyi felejthetetlen élményt garantálnak az odalátogatóknak. \r\nVulkánok, festői rizsteraszok, trópusi tengerpartok, régi templomok és \r\npaloták várják. Az idő lelassul, a feszültség megszűnik, s a helyiek \r\nderűs, mosolygós hangulata hamar átragad ránk. Az érzékeket bizsergető, \r\nszínpompás környezet, a káprázatos helyi táncok és ínycsiklandó \r\nkulináris különlegességek mind felfedezésre csábítanak.<br>\r\n\r\n<br>\r\n\r\nNyaralás Balin: Az istenek szigetének 2 partszakasza ismert és kedvelt.\r\n Kuta a turisták mekkája, strandja és az itt található számtalan \r\nszórakozási lehetőség miatt igen kedvelt. A legjobb üzletek, galériák, \r\ndiszkók, bárok és éttermek is itt vannak. Sokan a Kuta srandra mennek a \r\nnaplementében gyönyörködni. A Nusa Dua és Tanjung Benoa partokon \r\nelegánsabb hotelek találhatók, tisztább a tengerpartjuk és egyértelműen \r\nnyugodtabb környezetben pihenhetnek itt a vendégek. A két partszakasz \r\nközötti kb. 10 perces utat taxival is bármikor megtehetjük.<span id="pastemarkerend">&nbsp;</span></p>\r\n\r\n<p>Bali megannyi látnivalóját mindenképpen érdemes egyénileg vagy \r\nszervezett keretek között felfedezni. Ebben kívánunk egy kis segítséget \r\nnyújtani. Bali szállások széles választéka foglalható irodánkban, ezek \r\nközül a legjobb ár-érték arányú hoteleket a következők. További \r\nszálláslehetőségekről érdeklődjön irodánkban!<span id="pastemarkerend">&nbsp;</span><br>\r\n\r\n<span id="pastemarkerend"></span></p>\r\n', '0000-00-00 00:00:00', 'Bali', '1', '', 'Bali');

-- --------------------------------------------------------

--
-- Tábla szerkezet: `region_images`
--

CREATE TABLE IF NOT EXISTS `region_images` (
  `id` int(11) NOT NULL AUTO_INCREMENT,
  `region_id` int(11) NOT NULL,
  `title` varchar(100) COLLATE utf8_hungarian_ci NOT NULL,
  `image_file` varchar(100) COLLATE utf8_hungarian_ci NOT NULL,
  `created` timestamp NOT NULL DEFAULT CURRENT_TIMESTAMP ON UPDATE CURRENT_TIMESTAMP,
  PRIMARY KEY (`id`)
) ENGINE=InnoDB  DEFAULT CHARSET=utf8 COLLATE=utf8_hungarian_ci AUTO_INCREMENT=4 ;

--
-- A tábla adatainak kiíratása `region_images`
--

INSERT INTO `region_images` (`id`, `region_id`, `title`, `image_file`, `created`) VALUES
(1, 3, 'Korzika', 'korzika_01.jpg', '2012-12-19 09:50:49'),
(2, 3, 'Korzika', 'korzika_03.jpg', '2012-12-19 09:50:49'),
(3, 5, 'Kép', '1Hamburg2_3.jpg', '0000-00-00 00:00:00');

-- --------------------------------------------------------

--
-- Tábla szerkezet: `sights`
--

CREATE TABLE IF NOT EXISTS `sights` (
  `id` int(11) NOT NULL AUTO_INCREMENT,
  `name` varchar(255) COLLATE utf8_hungarian_ci NOT NULL,
  `image_file` varchar(255) COLLATE utf8_hungarian_ci NOT NULL COMMENT 'Látnivaló képe',
  `created` timestamp NOT NULL DEFAULT CURRENT_TIMESTAMP ON UPDATE CURRENT_TIMESTAMP,
  `trip_id` int(11) NOT NULL,
  PRIMARY KEY (`id`)
) ENGINE=InnoDB  DEFAULT CHARSET=utf8 COLLATE=utf8_hungarian_ci COMMENT='Látnivalók tárolása' AUTO_INCREMENT=29 ;

--
-- A tábla adatainak kiíratása `sights`
--

INSERT INTO `sights` (`id`, `name`, `image_file`, `created`, `trip_id`) VALUES
(1, 'Barcelona-1', 'bcn1.jpg', '2012-12-15 16:38:37', 0),
(2, 'Hotel képe', 'ufrascone1.jpg', '2012-12-19 14:00:02', 7),
(3, 'Hamburg-1', '1Hamburg2.jpg', '2012-12-19 14:00:02', 2),
(4, 'Hamburg-2', 'Hamburg4.jpg', '2012-12-19 14:00:02', 2),
(5, 'Hamburg-3', 'Hamburg3.jpg', '2012-12-19 14:00:02', 2),
(6, 'Cove-1', 'Atlantis_Cove8.jpg', '2012-12-19 14:00:02', 4),
(7, 'Cove-2', 'Atlantis_Cove1.jpg', '2012-12-19 14:00:02', 4),
(8, 'Cove-3', 'Atlantis_Cove15.jpg', '2012-12-19 14:00:02', 4),
(9, 'A főépület', 'jardin1.jpg', '2012-12-19 14:00:02', 9),
(10, 'Egyágyas szoba', 'jardin2.jpg', '2012-12-19 14:00:02', 9),
(11, 'Szoba', 'ufrascone2.jpg', '2012-12-19 14:00:02', 7),
(12, 'Látkép a szobából', 'ufrascone3.jpg', '2012-12-19 14:00:02', 7),
(13, 'A hotel medencéje', 'Mouettes2.jpg', '2012-12-19 14:00:02', 14),
(14, 'A hotel tengerpartja', 'Mouettes5.jpg', '2012-12-19 14:00:02', 14),
(15, 'A szoba belülről', 'Mouettes3.jpg', '2012-12-19 14:00:02', 14),
(16, 'Látkép', 'funtana1.jpg', '2012-12-19 14:00:02', 15),
(17, 'A hotel szobája', 'funtana2.jpg', '2012-12-19 14:00:02', 15),
(18, 'A szálloda medencéje', 'funtana3.jpg', '2012-12-19 14:00:02', 15),
(19, 'Barcelona-2', 'bcn2.jpg', '2012-12-15 16:38:48', 0),
(20, 'Barcelona-3', 'bcn4.jpg', '2012-12-15 16:38:59', 0),
(21, 'Csónak', '114.jpeg', '0000-00-00 00:00:00', 17),
(22, 'Első kép a galériában', '1111113.jpeg', '0000-00-00 00:00:00', 19),
(23, 'Kép a szállodáról', '111111113.jpeg', '0000-00-00 00:00:00', 20),
(24, 'Látnivaló 1.', '111logo_felirattal.jpg', '0000-00-00 00:00:00', 21),
(25, 'Galéria első eleme', '111111111113.jpeg', '0000-00-00 00:00:00', 22),
(26, '1. látnivaló', '3_3.jpeg', '0000-00-00 00:00:00', 26),
(27, 'Elefánt', 'botswana1_1.jpg', '0000-00-00 00:00:00', 31),
(28, 'zsiráf', 'botswana4.jpg', '0000-00-00 00:00:00', 31);

-- --------------------------------------------------------

--
-- Tábla szerkezet: `sights_trips`
--

CREATE TABLE IF NOT EXISTS `sights_trips` (
  `sight_id` int(11) NOT NULL,
  `trip_id` int(11) NOT NULL,
  KEY `sight` (`sight_id`),
  KEY `trip` (`trip_id`)
) ENGINE=InnoDB DEFAULT CHARSET=utf8 COLLATE=utf8_hungarian_ci;

--
-- A tábla adatainak kiíratása `sights_trips`
--

INSERT INTO `sights_trips` (`sight_id`, `trip_id`) VALUES
(4, 2),
(3, 2),
(5, 2),
(6, 4),
(7, 4),
(8, 4),
(9, 9),
(10, 9),
(2, 7),
(11, 7),
(12, 7),
(13, 14),
(15, 14),
(14, 14),
(16, 15),
(17, 15),
(18, 15);

-- --------------------------------------------------------

--
-- Tábla szerkezet: `trips`
--

CREATE TABLE IF NOT EXISTS `trips` (
  `id` int(11) NOT NULL AUTO_INCREMENT,
  `description` text COLLATE utf8_hungarian_ci NOT NULL,
  `name` varchar(255) COLLATE utf8_hungarian_ci NOT NULL,
  `price` text COLLATE utf8_hungarian_ci NOT NULL COMMENT '''Az ár leírása szövegesen''',
  `travel_date` varchar(255) COLLATE utf8_hungarian_ci NOT NULL COMMENT '''Időpontok leírása''',
  `image_file` varchar(255) COLLATE utf8_hungarian_ci DEFAULT NULL COMMENT '''kép fájl neve''',
  `updated` timestamp NOT NULL DEFAULT CURRENT_TIMESTAMP ON UPDATE CURRENT_TIMESTAMP,
  `created` timestamp NOT NULL DEFAULT '2012-10-19 14:35:27',
  `short_description` text COLLATE utf8_hungarian_ci NOT NULL COMMENT '''Út rövid leírása, a listázáskor ez jelenik meg''',
  `travel_price_includes` text COLLATE utf8_hungarian_ci COMMENT '''Mit tartalmaz az ár''',
  `country_id` int(11) NOT NULL COMMENT 'Ország azonosítója',
  `circle_image_file` varchar(255) COLLATE utf8_hungarian_ci DEFAULT NULL COMMENT '''kör alakú kép fájl neve''',
  `hajozz` tinyint(1) NOT NULL DEFAULT '0' COMMENT 'kikerüljön-e a hajozz.eu-ra mutató link?',
  `region_id` int(11) DEFAULT NULL,
  `category_id` int(11) NOT NULL DEFAULT '1',
  `accommodation` text COLLATE utf8_hungarian_ci,
  `travel_method` text COLLATE utf8_hungarian_ci,
  `minimal_persons` int(11) DEFAULT NULL,
  `extra` text COLLATE utf8_hungarian_ci COMMENT 'Tetszőleges szöveges blokk',
  `extra_title` varchar(255) COLLATE utf8_hungarian_ci DEFAULT NULL COMMENT 'Tetszőleges szöveges blokk címe',
  `star_rating` int(11) DEFAULT NULL,
  `day` text COLLATE utf8_hungarian_ci,
  `special` text COLLATE utf8_hungarian_ci,
  `service` text COLLATE utf8_hungarian_ci,
  `slug` varchar(100) COLLATE utf8_hungarian_ci NOT NULL,
  `keywords` varchar(255) COLLATE utf8_hungarian_ci NOT NULL,
  `title` varchar(255) COLLATE utf8_hungarian_ci NOT NULL,
  `important_information` text COLLATE utf8_hungarian_ci NOT NULL,
  `continent_id` int(11) NOT NULL,
  `map_image_file` varchar(100) COLLATE utf8_hungarian_ci NOT NULL,
  PRIMARY KEY (`id`),
  KEY `country` (`country_id`),
  KEY `region` (`region_id`),
  KEY `category` (`category_id`)
) ENGINE=InnoDB  DEFAULT CHARSET=utf8 COLLATE=utf8_hungarian_ci COMMENT='Egyes utak tárolása' AUTO_INCREMENT=51 ;

--
-- A tábla adatainak kiíratása `trips`
--

INSERT INTO `trips` (`id`, `description`, `name`, `price`, `travel_date`, `image_file`, `updated`, `created`, `short_description`, `travel_price_includes`, `country_id`, `circle_image_file`, `hajozz`, `region_id`, `category_id`, `accommodation`, `travel_method`, `minimal_persons`, `extra`, `extra_title`, `star_rating`, `day`, `special`, `service`, `slug`, `keywords`, `title`, `important_information`, `continent_id`, `map_image_file`) VALUES
(2, '<p>A teherhajóktól a hatalmas óceánjárókig és a legkülönlegesebb vitorláshajókig mindenféle hajó megfordult már a kikötőben.</p>\r\n<p>1850 és 1939 között Hamburg más szempontból is a Világ kapuját jelentette. 5 millió európai emigrált innen. A kikötőben egykor több épületet tartottak fenn számukra, ahol az indulásra várhattak. Ezek közül az egyiket eredeti állapotába állították vissza és egy interaktív múzeumként működik, hogy bemutassa milyen nehéz döntés lehetett elhagyni a megszokott mindennapokat az ismeretlenért.</p>\r\n<p>A kikötőn kívül azonban még sok más is vonzza a látogatókat. 1,7 millió lakosával a második legnépesebb város Németországban. Vonzáskörzeteivel együtt Hamburg hétszer akkora, mint Párizs és két és félszer nagyobb területű, mint London. A város 14%-a parkokból és zöld területekből áll. 2302 hídjával megelőzi Amszterdamot és Velencét is. Jelentőségét mutatja, hogy a világon – New York után – itt található a legtöbb konzulátus, szám szerint 90.</p>\r\n<p>A kikötőn kívül azonban még sok más is vonzza a látogatókat. 1,7 millió lakosával a második legnépesebb város Németországban. Vonzáskörzeteivel együtt Hamburg hétszer akkora, mint Párizs és két és félszer nagyobb területű, mint London. A város 14%-a parkokból és zöld területekből áll. 2302 hídjával megelőzi Amszterdamot és Velencét is. Jelentőségét mutatja, hogy a világon – New York után – itt található a legtöbb konzulátus, szám szerint 90.</p>\r\n<p>A szórakoztatásról 31 színház, 6 koncertterem, 10 kabaré, 50 állami és privát múzeum gondoskodik. Az újonnan épült ultramodern kereskedelmi és üzleti központ, a Hafen-city az Elba partján fekszik.</p>\r\n<p>A városközpontban a leglátogatottabb nevezetességek az Alster-tó, a Városháza és a halpiac. A St. Michaelis templom a város egyik jelképe, közkedvelt nevén Michel. A barokk templom tornyába lépcsőn és lifttel is felmehetünk, hogy a városra nyíló panorámában gyönyörködhessünk. A város legnépszerűbb utcája a Reeperbahn negyedben a St. Pauli, ahol éjszakai bárok, mulatók, színházak, éttermek és diszkók találhatók. Itt van a piroslámpás negyed is.</p>\r\n<p>Látogasson el Ön is Hamburgba!</p>', 'Hamburg', '120000', '2012-11-11', 'lisabon.jpeg', '2012-12-18 15:51:24', '0000-00-00 00:00:00', '„A szabadságot, melyet a régiek kiharcoltak, méltón kell óvnia az utókornak”.\r\nEz Hamburg Szabad- és Hanzaváros jelmondata.\r\nA kozmopolita város az Elbának és a régi időktől fennálló kereskedelmi jogosultságának köszönheti egész létét.\r\nRotterdam és Antwerpen után Európa legnagyobb forgalmú kikötővárosa, ezért a németek a Világ Kapujának is emlegetik. Hamburgban működik a világ legmodernebb, teljesen automatizált konténerkikötője, így hiába van 120 km-re a tengertől a világ 7. legnagyobb forgalmú konténerkikötőjének számít.', 'Büféreggeli, transzfer', 5, 'temp.png', 1, 2, 1, NULL, NULL, NULL, NULL, NULL, NULL, NULL, NULL, NULL, 'hamburg', 'Hamburg', 'Hamburg', '', 0, ''),
(3, 'Lorem ipsum dolor sit amet, consectetur adipiscing elit. Etiam eget velit sapien. Curabitur nulla nibh, ornare a posuere nec, hendrerit non elit. Sed vestibulum lacus non est posuere eget adipiscing libero faucibus. Vivamus laoreet lorem a tortor feugiat non viverra velit pharetra. Cras ac tellus et urna blandit sodales vel ut ligula. Suspendisse potenti. Duis id elit elit. Quisque at nisl vel neque ultrices egestas. Vestibulum sit amet arcu ut libero placerat ornare id sed nibh. Sed molestie laoreet fermentum. Morbi aliquet, turpis in tristique pulvinar, mi nibh dictum mi, sed bibendum est ligula nec nulla. ', 'Skócia szépségei', '319 000 Ft/fő + kb. 62 000 Ft/fő repülőtéri illeték', '2012.: május 22–29., szeptember 11–18.', 'lisabon.jpeg', '2012-12-17 17:03:40', '0000-00-00 00:00:00', 'Hangulatos várak, festői tájak és az esetleges hűvös időjárás tökéletes ellenszere, a lélekmelegítő skót whisky vár Skóciában.', 'az utazást és programot a fenitek szerint magyar idegenvezetéssel, 7 éjszaka szállást kétágyas szobában, félpanziót, a betegség-, baleset-, poggyász- és útlemondási biztosítást.\r\n\r\nBelépők ára kb. 39 000 Ft/fő. Egyágyas felár 85 000 Ft/fő.', 4, 'temp.png', 0, 1, 2, 'félpanzió, középkategóriájú (helyi háromcsillagos) szállodákban, kétágyas szobákban, 2 éj Edinburgh, 2 éj Fort William környéke, 2 éj Inverness környéke, 1 éj Perth.', 'Menetrend szerinti járatokkal Budapest – Edinburgh – Budapest útvonalon átszállással, a körutazás alatt légkondicionált autóbusszal. ', 20, '', '', NULL, '', '', '', 'skocia-szepsegei-1', 'Skócia szépségei', 'Skócia szépségei', '', 0, ''),
(4, 'Szobái tágasak, óceánra néző francia erkéllyel, tágas terekkel és gardróbbal, márvány fürdőszobával és bárral felszereltek. Egy lépéssel lejjebb, a hálóval egy légtérben egy kis nappali rész is tartozik minden szobához kanapéval, íróasztallal. Természetesen a legújabb technikai megoldások sem maradnak el: síkképernyős HD tv, Ipod-, MP3- és laptop-töltő is van a szobában.\r\n<p>Éttermeiben ázsiai, francia és grill ételek mellett, a fine dining és a tenger gyümölcsei szerelmesei is megtalálják számításaikat, de ha ahhoz van kedved, a nemzetközi svédasztalról is válogathatsz. További kávézók és bárok is a vendégek rendelkezésére állnak.</p>\r\n<p>Szolgáltatásai: kaszinó, éjszakai klub, tradicionális balinéz masszázst és európai kezeléseket, gőzfürdőt és szaunát kínáló spa, festői elhelyezkedésű, 18-lyukú golfpálya, fitneszterem, hat teniszpálya bérelhető felszereléssel és oktatással, kézműves foglalkozások, sziklamászás, videojáték-terem, színház, könyvtár, yacht-kikötő, romváros-jellegű merülőhely a búvárkodás kedvelőinek.</p>\r\n<p>A szállóvendégek közelebbről megismerkedhetnek a fókákkal, rájákkal, delfinekkel és cápákkal is. A delfineket a sekély vízben simogathatják az úszni tudó kisgyerekek is, a mély vízben a jó úszók akár együtt is úszhatnak velük. A cápák közt egy speciális bukósisakban lehet sétálgatni a tengervízben, míg egy másik medencében az üvegfalú csúszdán keresztül láthatod a körülötted úszkáló cápákat.</p>\r\n<p>További „vizes programok” a szállodában: 24 órás aquapark csúszdákkal, játékokkal, hullámfürdővel, 20 medencével (ebből három gyerekmedence), egy gyerekeknek fenntartott vizesjátékokkal tarkított várral, egy 11-tagú fürdőmedence-rendszerrel, egy 25 méteres úszómedence, akváriumok és az óceán élővilágát bemutató különféle medencék (rájás, cápás, korallos, stb.)</p>\r\n<p>A gyerekeket az előbb felsoroltakon kívül rengeteg foglalkozás várja (főzőprogram, sportverseny, játékok, stb.), a tiniket külön diszkó várja a legtrendibb játékokkal, zenékkel, „igazi” bárpulttal egy felnőttmentes övezetben. A szálló vendégei akár a rengeteg vizi élőlény etetésében is részt vehetnek.</p>', 'The Cove Atlantis, Bahamák', '120000', '2012-11-11', 'lisabon.jpeg', '2012-12-15 17:21:15', '0000-00-00 00:00:00', 'Az Atlantis szállodacsoport egyik tagja a Bahamákon, közvetlenül a mesés tengerparton fekszik. Különlegessége exkluzív részlege, ahol egy 800 m2-es medence és két kisebb medence, napozóágyak (akár 360 fokos kilátással), festői partszakasz, privát pavilonok és egy kaszinó várja csak a felnőtteket.', 'Büféreggeli, transzfer', 6, 'temp.png', 0, NULL, 3, NULL, NULL, NULL, NULL, NULL, NULL, NULL, NULL, NULL, 'the-cove-bahamak', 'Teszt út 4.', 'The Cove Atlantis, Bahamák', '', 0, ''),
(6, 'Lorem ipsum dolor sit amet, consectetur adipiscing elit. Etiam eget velit sapien. Curabitur nulla nibh, ornare a posuere nec, hendrerit non elit. Sed vestibulum lacus non est posuere eget adipiscing libero faucibus. Vivamus laoreet lorem a tortor feugiat non viverra velit pharetra. Cras ac tellus et urna blandit sodales vel ut ligula. Suspendisse potenti. Duis id elit elit. Quisque at nisl vel neque ultrices egestas. Vestibulum sit amet arcu ut libero placerat ornare id sed nibh. Sed molestie laoreet fermentum. Morbi aliquet, turpis in tristique pulvinar, mi nibh dictum mi, sed bibendum est ligula nec nulla. ', 'Skócia felfedezése', '120000', '2012-11-11', 'lisabon.jpeg', '2012-12-21 15:30:41', '0000-00-00 00:00:00', 'Hangulatos várak, festői tájak és az esetleges hűvös időjárás tökéletes ellenszere, a lélekmelegítő skót whisky vár Skóciában.', 'Büféreggeli, transzfer', 2, 'temp.png', 0, 1, 5, NULL, NULL, NULL, NULL, NULL, NULL, NULL, NULL, NULL, 'skcia-felfedezse', 'Teszt út 6.', 'Skócia felfedezése', '', 1, ''),
(7, 'Egy frissen felújított picike ház, összesen 11 szobával, melyek mindegyike nagyon hangulatosan berendezett. A házban található egy kis kávéház, a reggeli és a vacsora egy kis családi vendéglőben kerül felszolgálásra, mely kb. 700 méterre található a szállodától. Szép idő esetén a reggelit a szálloda teraszán szolgálják fel. A szállodában van ezen kívül egy kis panorámaterasz, bár és Internet, valamint parkoló.\r\n<p>A szobák színesek és nagyon hangulatosak, fürdőszobával és WC-vel, valamint műholdas TV-vel felszereltek és remek kilátás nyílik a szobákból a hegyekre. Foglalhatóak családi szobák, melyek két egymásba nyíló kétágyas szobából állnak, melyeknek közös a fürdőszobája.</p>\r\n<p>Sport és szórakozás: Térítés ellenében: lovaglás. Ezen kívül lehetőség van fürdőzésre a közeli patakban és rengeteg túrázási- és hegymászási kaland várja a környéken az ide érkezőket. Lehetőség van a GR20-as túraútvonalba is bekapcsolódni is innen.</p>', 'Hotel U Frascone', '12 100 Ft/fő/éj-től', '2012-11-11', 'lisabon.jpeg', '2012-12-15 16:07:17', '0000-00-00 00:00:00', 'A hotel kategóriájához képest jó minőségű, szép, barátságos és tiszta. Félúton van Ajaccio és Bastia között, kb. 600 méterre a tengerszint felett és kb. 1 km-re Venaco településtől, remek kilátással a hegyekre. Ez nem tengerparti szállás, de tökéletes kiindulópontja lehet a hegyi túráknak.', 'Büféreggeli, transzfer', 2, 'temp.png', 0, 3, 4, 'reggeli', NULL, 0, NULL, NULL, 2, NULL, NULL, NULL, 'hotel-u-frascone', 'Teszt út 9.', 'Hotel U Frascone', '', 0, ''),
(8, 'A neoklasszikus stílusú épület árkádjai és oszlopsorai közt napozóteraszok és kertek várják a vendégeket. Festői kilátás nyílik az öbölre és Monte Carlora. A kikapcsolódásra vágyó vendégek mellett szeretettel és minden szükséges szolgáltatással várják az üzleti utazókat, konferencia résztvevőket.\r\n<p>Szolgáltatásai: 4 étterem (kettő az épületben, kettő a kertekben), a tengerre néző teraszon bár, 10 konferenciaterem, egy külső és egy belső medence pezsgőfürdővel, gyerekmedence, spa,fitneszterem,  kaszinó (145 új fejlesztésű játékgéppel, ami egyszerűsíti a fizetést és nem kell mindig a kasszához járulni újabb zsetonokért), gyerekklub (6-12 éveseknek szabadtéri programok, sportolási lehetőségek, kreatív foglalkozások), éjszakai bár. A Kék Gin bárban külön billiárdszoba van, DJ szolgáltatja a zenét, a pultnál 17 különféle gint, Martini-kreációkat és különleges koktélokat kínálnak. A spaban 900 m2-en frissülhetnek és szépülhetnek a vendégek, minden korcsoportnak különféle jógaórákat is tartanak.</p>\r\n<p>Szobái légkondicionáltak, minibárral, tv-vel, hajszárítóval, széffel, telefonnal, DVD-lejátszóval, szélessávú internettel várják a vendégeket.\r\nA szálló vendégei a Monte Carlo Beach Clubban a legkülönfélébb vizisportokat próbálhatják ki, a country klubban 21 salakos teniszpálya közül választhatnak. A pályák közül 5 kivilágítható, többségük a tengerre néz. (Itt tartják a Monte Carlo Rolex Masters versenyeket is.)  A közelben gyönyörű környezetben egy 18-lyukú golfpálya várja a profi és amatőr játékosokat.</p>', 'Monte Carlo Bay Hotel and Resort', '33 900 Ft/fő/éj', '2012-11-11', 'lisabon.jpeg', '2012-12-15 17:16:10', '0000-00-00 00:00:00', 'Az autentikus és elegáns klubhotel a 30-as évek eleganciáját és legendáját teremti újjá. 4 hektárnyi kert, egy világszínvonalú spa, éttermek, kaszinó és egy legendás éjszakai bár tartozik a szállodához. 334 szobájának 75%-a a tengerre néz.', 'Reggeli', 2, 'temp.png', 0, 4, 4, '', '', NULL, '', '', 5, '', '', '', 'monte-carlo-bay', 'Teszt út 10.', 'Monte Carlo Bay Hotel and Resort', '', 0, ''),
(9, 'Szobái egyszerűen, de kényelmesen berendezettek. Többségükhöz balkon vagy terasz tartozik. Légkondicionáltak, tv-vel, telefonnal, rádióval és hajszárítóval rendelkeznek.\r\n<p>\r\nSzolgáltatásai: bár, étterem, szabadtéri és belső medence, hammam, masszázs.</p>', 'Les Jardins de St. Maxime', '19 600 Ft/fő/éj-től', '', 'lisabon.jpeg', '2012-12-15 17:16:28', '0000-00-00 00:00:00', 'A legendás St. Tropez közelében, a botanikus kertekhez közel, a homokos tengerparttól pár percnyire épült a szálloda. A hotel kertjében bougainvillea, pálmafák és babérfák nyújtanak árnyékot, a hatalmas üvegajtóknak köszönhetően az épület belseje is igen világos.', '', 2, 'temp.png', 0, 3, 4, 'Reggeli', NULL, NULL, NULL, NULL, 3, NULL, NULL, NULL, 'les-jardins', 'Teszt út 11', 'Les Jardins de St. Maxime', '', 0, ''),
(14, 'Egy 19. század végén épült főúri házban található a szálloda, melyet nagyon szépen felújítottak.<p>A szálloda hangulata magával ragadó, nem véletlen, hogy a ház tagja a francia „Châteaux & Hôtels de France“ láncnak. A vendégek rendelkezésére áll egy étterem, bárok, internet kapcsolat, egy szalon és terasz, valamint zárt parkoló.</p><p>A ház 28 szobával rendelkezik, mindegyikük elegánsan berendezett és jól felszerelt. Van bennük fürdőszoba/WC, hajszárító, fürdőköntös, telefon, műholdas tv, hűtőszekrény és légkondícionálás. Foglalhatóak tengerre néző szobák és teraszos tengerre néző szobák is. A superior szobák nagyobb méretűek, nagyobb balkon tartozik hozzájuk, mely részben fedett. A lakosztályokhoz külön szalon is tartozik.</p>\r\n<p>A vendégek rendelkezésére áll egy fűthető medence, mely a tengerre néz, továbbá napzóágyak és napernyők és pezsgőfürdő. Térítés ellenében: kerékpárkölcsönzés, masszázs, vízisportok és tenisz. A szállodától kb. 300 méterre van lehetőség hajót bérelni vagy akár hajókirándulásokat tenni és kb. 10 km távolságra van golfozási lehetőség is.</p>', 'Hotel Les Mouettes', '24 200 Ft/fő/éj-től', '', 'lisabon.jpeg', '2012-12-15 16:07:17', '2012-12-15 15:18:42', 'A szálloda kb. 1,5 km távolságra található Ajaccio történelmi központjától, csodálatos helyen, egy emelkedőn fekszik, ahonnan nagyon szép kilátás nyílik az öbölre. A korzikai naplementét a vendégek a szálloda kis privát strandjáról élvezhetik.\r\n', '', 2, 'temp.png', 0, 3, 4, 'Reggeli', '', NULL, '', '', 4, '', '', '', 'futana-marina', 'futana marina', 'Hotel Les Mouettes', '', 0, ''),
(15, 'Ile-Rousse virágzó város, a sziget egyik idegenforgalmi központja. Enyhe klímája és öböl menti homokos strandja a várost tavasztól őszig frekventált nyaralóhellyé teszik. A város főterén - melyet hatalmas platánok árnyékolnak és kávéházak szegélyeznek - mindig nagy a nyüzsgés. A várossal szemközti szigetre, melyről a nevét is kapta a település (vörös sziget), érdekes kirándulás tehető. Legmagasabb pontján egy világítótorony áll, ahonnan szép kilátás nyílik a szomszéd szigetekre, a kikötőre, Ile Rousse-ra és a magasan fekvő Monticello falura.\r\n<p>Családi vezetés alatt álló nagyon barátságos szálloda. Szép idő esetén a reggelit a teraszon szolgálják fel. A vendégek rendelkezésére áll egy bár, internet (térítés ellenében), panorámaterasz és zárt parkoló. A szálloda 29 szobával várja a vendégeket. Mindegyik szoba jól felszerelt, van bennük zuhanyzós fürdőszoba, WC, telefon, műholdas tv, légkondícionáló és minden szobához tartozik balkon vagy egy kis kertrész. Minden szoba  tengerre néz és igény esetén foglalható picit nagyobb méretű superior szoba is.\r\nA vendégek rendelkezésére áll egy fűtött külső medence, napozóterasz, mely a tengerre néz. Itt vannak napágyak és napernyők. Térítés ellenében: kerékpár kölcsönzés, vízisportok a parton és csónakkölcsönzés.</p>', 'Funtana Marina', '14 300 Ft/fő/éj-től', '', '11lisabon.jpeg', '2012-12-15 16:07:17', '2012-12-15 15:21:49', 'Ile Rousse fölött fekszik a szálloda, ahonnan csodás kilátás nyílik a településre és az öbölre. A városközpont kb. 1 km távolságra található és ugyanilyen távolságra van a strand is.', '', 2, 'temp.png', 0, 3, 4, 'Reggeli', '', NULL, '', '', 3, '', '', '', 'futana-marina-1', 'futana marina', 'Funtana Marina', '', 0, ''),
(27, '<p>\r\n</p>\r\n<p style="\r\ncolor:#343434">Érseki központ, egyetemváros, kongresszusi centrum és jelentős\r\nkikötőváros. 1992-ben itt rendezték a XXV. nyári olimpiai játékokat. A várost\r\ntörténeti eredetüknek megfelelően tíz kerületre osztották és szinte\r\nmindegyikben világhírű látnivalók várnak minket.</p>\r\n\r\n<p style="color:#343434"><br>\r\n\r\nAz Eixample negyedben kezdődött (és folytatódik a mai napig) a Sagrada Familia\r\népítése, a Catalunya tértől a Paseo de Gracian haladva megcsodálhatjuk Gaudí\r\nházait; a történelmi városközpontban, a Ciutat Vellában a kikötő és a Ramblak\r\nszegélyezik a gótikus negyedet, ahol palotákat, múzeumokat és elbűvölő\r\nkatedrálisokat találunk. A Montjuic-hegy adott otthont az olimpiának és a\r\nVilágkiállításnak is, a korábbiak közül néhány létesítmény még ma is\r\nlátogatható.<br>\r\n\r\n<br>\r\n\r\nTegyünk egy sétát a Güell parkban, szurkoljunk együtt a helyiekkel a Les Corts\r\nnegyedben található Nou Camp stadionban a Barca csapatának, látogassunk el\r\nvalamelyik múzeumba, napozzunk a tengerparton vagy pihenjünk a Font Magica\r\nzenélő, színes szökőkútjánál!</p>\r\n\r\n<span id="pastemarkerend">&nbsp;</span>', 'Barcelona', '', '', NULL, '0000-00-00 00:00:00', '2012-10-19 14:35:27', '<p><span style="Times New Roman&quot;;Times New Roman&quot;;\r\ncolor:#343434;">Spanyolország második legnagyobb városa évek óta vonzza az utazókat,\r\nművészeket és építészeket. A területét és népességét illetően az első helyen\r\nálló főváros, Madrid „örök riválisa” nem csak a focipályán. <span id="pastemarkerend">&nbsp;</span></span></p>\r\n', NULL, 3, NULL, 0, NULL, 1, NULL, NULL, NULL, '<p>\r\n</p>\r\n<p style="\r\ncolor:#343434">Akinek a város számtalan látnivalója mellett még van egy kis\r\nideje és energiája más területeket is felfedezni, azoknak a következőket\r\najánljuk:</p>\r\n\r\n<p><span style="color:#343434">·<span style="Times New Roman&quot;">           \r\n</span></span><span style="\r\ncolor:#343434">Montserrat hegy és kolostor: kb. 60 km-re található kolostor a\r\nmontserrati szűz tiszteletére épült egy gyönyörű sziklatömbön</span></p>\r\n\r\n<p><span style="color:#343434">·<span style="Times New Roman&quot;">           \r\n</span></span><span style="\r\ncolor:#343434">Costa Brava: bár Barceloneta tengerpartján is lehet fürödni,\r\nCosta Brava bájos kis települései sokkal tisztább partokkal várják a nyaralókat</span></p>\r\n\r\n<p><span style="color:#343434">·<span style="Times New Roman&quot;">           \r\n</span></span><span style="\r\ncolor:#343434">Universal Mediterranea: az Universal Studios egyetlen európai\r\ntematikus parkja, mely kontinensen az egyik legnagyobb: magában foglalja a Port\r\nAventura kalandparkot, egy viziparkot és két tematikus szállodát.</span></p>\r\n\r\n<span style="Times New Roman&quot;;Times New Roman&quot;;color:#343434;">Vall de Núria völgy természeti\r\nszépségével vonzza a látogatókat.<span id="pastemarkerend">&nbsp;</span></span>', 'Kirándulástippek', NULL, NULL, NULL, NULL, 'barcelona', 'Barcelona', 'Barcelona', '<p>\r\n</p>\r\n<p><span style="color:#343434">·<span style="Times New Roman&quot;">           \r\n</span></span><span style="\r\ncolor:#343434">Budapestről közvetlen járatot a Wizzair, fapados légitársaság\r\nüzemeltet. Menetrendszerinti járatokkal átszállással lehet eljutni a katalán\r\nfővárosba.</span></p>\r\n\r\n<p><span style="color:#343434">·<span style="Times New Roman&quot;">           \r\n</span></span><span style="\r\ncolor:#343434">A repülőtérről taxival, busszal és metróval lehet a központba\r\njutni.</span></p>\r\n\r\n<p><span style="color:#343434">·<span style="Times New Roman&quot;">           \r\n</span></span><span style="\r\ncolor:#343434">Városi közlekedés: leggyorsabb a metró, de a buszhálózat is elég\r\nsűrű. Jegyek minden állomáson kaphatók, gyűjtőjegy és pár napos travelcard is\r\nvehető, ami korlátlan utazást biztosít.</span></p>\r\n\r\n<p><span style="color:#343434">·<span style="Times New Roman&quot;">           \r\n</span></span><span style="\r\ncolor:#343434">Érdemes megvenni a Barcelona cardot, programunktól függően 2, 3,\r\n4 vagy 5 napra, amivel ingyenes a tömegközlekedés, 90 nevezetességhez a\r\nbelépés, valamint számos múzeumba és egyéb közlekedési eszközön kínál\r\nkedvezményt. Várostérképet és egy kis útikönyvet is adnak mellé.</span></p>\r\n\r\n<span id="pastemarkerend">&nbsp;</span>', 0, ''),
(28, '<p>\r\n</p>\r\n<p style="color:#343434">Berlin a politika,\r\nmédia, kultúra és tudomány egyik fontos európai központja. A város fontos\r\nközlekedési csomópont, jelentősek nemzetközileg elismert egyetemei,\r\nkutatóintézetei, operái, színházai és múzeumai. Berlin a világ minden tájáról\r\nvonzza a művészeket és a kulturális területen dolgozókat.</p>\r\n\r\n<p style="color:#343434">A város központja a\r\nSpree folyó partján fekszik. A folyó a város közepén két ágra oszlik és\r\nszigetet képez (Múzeumsziget, 1999 óta a Világörökség része). Ezen kívül több\r\nhajózási csatorna is keresztülszeli a várost, melyeken 53 híd ível át. Parkok\r\nés sétálóutcák sokasága várja, hogy felfedezzék. Leghíresebb utcája a\r\nKurfürstendamm, számos üzlettel, étteremmel és hotellel.<br>\r\n\r\nA legszebb és legjelentősebb épületei közül néhány: a Brandenburgi kapu a város\r\njelképe. Egy oszlopos előcsarnok, mely az Akropolisz mintájára épült, 12 dór\r\noszlopból áll. A kapu közelében található a Reichstag. 1933-ban egy tűzvész\r\npusztította el az épületet, amit azóta helyreállítottak és 1999-től a Bundestag\r\nszékhelye. Checkpoint Charlie, a leghíresebb katonai ellenőrzőpont a Vasfüggöny\r\nberlini szakaszán és a Fal egy darabja még mindig mementóként áll. A város egy\r\nmásik nevezetessége az Alexanderplatzon álló Világóra, a közelében levő 368 méter magas\r\ntévétorony és a Vörös Városháza.</p>\r\n\r\n<p style="\r\ncolor:#343434">A város számtalan múzeuma közül kiemelnénk a Pergamon múzeumot,\r\nmely az antik gyűjteménynek, az előázsiai és az iszlám művészetek múzeumának ad\r\notthont. Nevét a fő látványosságáról, a Pergamon oltárról kapta. Ezen kívül még\r\nszámtalan látnivaló, egyetemi és türténelmi épület, múzeum található eben a\r\nvibráló városban. Foglalja le utazását és nézze meg! Biztosan nem fog csalódni!</p>\r\n\r\n<span id="pastemarkerend">&nbsp;</span>', 'Berlin', '', '', NULL, '0000-00-00 00:00:00', '2012-10-19 14:35:27', '<p><span style="Times New Roman&quot;;Times New Roman&quot;;\r\ncolor:#343434;">2009-ben ünnepeltük a Fal leomlásának 20. évfordulóját. Kevés olyan\r\nváros van, melyet a történelmi változások ilyen mértékben alakítottak és amely\r\nszinte bármilyen változás után ilyen gyorsan megújult és átalakult, mint\r\nBerlin. Ezt nem lehet egyszerűen leírni, el kell menni megnézni!</span><span style="Times New Roman&quot;;Times New Roman&quot;;\r\ncolor:#343434;"><span id="pastemarkerend"></span></span><br>\r\n<span style="Times New Roman&quot;;Times New Roman&quot;;\r\ncolor:#343434;">\r\n</span></p>\r\n', NULL, 5, NULL, 0, NULL, 1, NULL, NULL, NULL, '', 'Kirándulástippek', NULL, NULL, NULL, NULL, 'n-a', 'Berlin', '', '', 0, ''),
(29, '<p><span style="Times New Roman&quot;;Times New Roman&quot;;\r\ncolor:#343434;">Dublin, amelyet a Liffey folyó szel ketté, gyönyörű helyen, az Ír-tenger\r\npartjainál és a sziklás Dublin-hegység lábainál fekszik. A vikingek alapították\r\nés 1652 óta Írország fővárosa. Drámaian keveredik itt a régi és az új: Dublin\r\nősi emlékei közvetlenül a csillogó modern épületek mellett állnak. A város\r\nnéhány legnagyobb hatású történelmi épülete, mint például a 17. századi Royal\r\nHospital Kilmainham, remek kortárs műgyűjteményeknek ad otthont.<br>\r\n\r\nA város vonzereje kétségkívül a hangulatában rejlik. A város egész évben\r\nrendkívüli programokat kínál, kiváló ételekkel, zenével, irodalommal és\r\nművészeti fesztiválokkal. Az ide érkező felfedezheti az óváros középkori\r\nutcáit, menő bárokba vagy hagyományos kiskocsmákba ugorhat be, megpihenhet a\r\ncsodálatosan zöld parkokban, megmászhatja a Dublin-hegységet, lófrálhat a\r\nvárosban vagy a közeli strandokon.<br>\r\n&nbsp;\r\n<span id="pastemarkerend"></span></span><span style="Times New Roman&quot;;Times New Roman&quot;;\r\ncolor:#343434;"><span id="pastemarkerend"><!--[if gte mso 9]><xml>\r\n <w:WordDocument>\r\n  <w:View>Normal</w:View>\r\n  <w:Zoom>0</w:Zoom>\r\n  <w:HyphenationZone>21</w:HyphenationZone>\r\n  <w:PunctuationKerning/>\r\n  <w:ValidateAgainstSchemas/>\r\n  <w:SaveIfXMLInvalid>false</w:SaveIfXMLInvalid>\r\n  <w:IgnoreMixedContent>false</w:IgnoreMixedContent>\r\n  <w:AlwaysShowPlaceholderText>false</w:AlwaysShowPlaceholderText>\r\n  <w:Compatibility>\r\n   <w:BreakWrappedTables/>\r\n   <w:SnapToGridInCell/>\r\n   <w:WrapTextWithPunct/>\r\n   <w:UseAsianBreakRules/>\r\n   <w:DontGrowAutofit/>\r\n  </w:Compatibility>\r\n  <w:BrowserLevel>MicrosoftInternetExplorer4</w:BrowserLevel>\r\n </w:WordDocument>\r\n</xml><![endif]--></span></span></p>\r\n<p><span style="Times New Roman&quot;;Times New Roman&quot;;\r\ncolor:#343434;"><span id="pastemarkerend"><!--[if gte mso 9]><xml>\r\n <w:LatentStyles DefLockedState="false" LatentStyleCount="156">\r\n </w:LatentStyles>\r\n</xml><![endif]--><!--[if !mso]>\r\n<object\r\n classid="clsid:38481807-CA0E-42D2-BF39-B33AF135CC4D" id=ieooui></object>\r\n\r\n<style>\r\nst1\\:*{behavior:url(#ieooui) }\r\n</style>\r\n<![endif]--><!--[if gte mso 10]>\r\n<style>\r\n /* Style Definitions */\r\n table.MsoNormalTable\r\n{mso-style-name:"Normál táblázat";\r\nmso-tstyle-rowband-size:0;\r\nmso-tstyle-colband-size:0;\r\nmso-style-noshow:yes;\r\nmso-style-parent:"";\r\nmso-padding-alt:0cm 5.4pt 0cm 5.4pt;\r\nmso-para-margin:0cm;\r\nmso-para-margin-bottom:.0001pt;\r\nmso-pagination:widow-orphan;\r\nfont-size:10.0pt;\r\nfont-family:"Times New Roman";\r\nmso-ansi-language:#0400;\r\nmso-fareast-language:#0400;\r\nmso-bidi-language:#0400;}\r\n</style>\r\n<![endif]-->\r\n<h2 style="margin-top:0cm;margin-right:0cm;margin-bottom:3.75pt;margin-left:\r\n0cm"><span style="font-size:13.5pt;font-family:&quot;Trebuchet MS&quot;;color:#6B2A7A;\r\nfont-weight:normal">Legfőbb látnivalói</span></h2>\r\n\r\n<p class="MsoNormal" style="margin-left:0cm;text-indent:-18.0pt;line-height:10.5pt;\r\nmso-list:l0 level1 lfo1;tab-stops:list 36.0pt"><span style="font-size:10.0pt;mso-bidi-font-size:8.5pt;font-family:Symbol;mso-fareast-font-family:\r\nSymbol;mso-bidi-font-family:Symbol;color:#343434"><span style="mso-list:Ignore">·<span style="font:7.0pt &quot;Times New Roman&quot;">&nbsp;&nbsp;&nbsp;&nbsp;&nbsp;&nbsp;&nbsp;&nbsp;&nbsp;&nbsp;&nbsp;&nbsp;&nbsp;&nbsp;&nbsp;&nbsp;&nbsp;&nbsp;&nbsp;&nbsp;&nbsp;&nbsp;&nbsp;&nbsp;&nbsp;&nbsp;&nbsp;&nbsp;&nbsp;&nbsp;&nbsp;&nbsp;\r\n</span></span></span><span style="font-size:8.5pt;font-family:Verdana;\r\ncolor:#343434">&nbsp;</span></p>\r\n\r\n<p class="MsoNormal" style="margin-left:0cm;text-indent:-18.0pt;line-height:10.5pt;\r\nmso-list:l0 level1 lfo1;tab-stops:list 36.0pt"><span style="font-size:10.0pt;mso-bidi-font-size:8.5pt;font-family:Symbol;mso-fareast-font-family:\r\nSymbol;mso-bidi-font-family:Symbol;color:#343434"><span style="mso-list:Ignore">·<span style="font:7.0pt &quot;Times New Roman&quot;">&nbsp;&nbsp;&nbsp;&nbsp;&nbsp;&nbsp;&nbsp;&nbsp;&nbsp;&nbsp;&nbsp;&nbsp;&nbsp;&nbsp;&nbsp;&nbsp;&nbsp;&nbsp;&nbsp;&nbsp;&nbsp;&nbsp;&nbsp;&nbsp;&nbsp;&nbsp;&nbsp;&nbsp;&nbsp;&nbsp;&nbsp;&nbsp;\r\n</span></span></span><span class="apple-converted-space"><span style="font-size:8.5pt;font-family:Verdana;color:#343434">&nbsp;</span></span><span style="font-size:8.5pt;font-family:Verdana;color:#343434">Trinity College:\r\nÍrország leghíresebb és legrégebbi (1592) egyeteme a város közepén áll. Az\r\negyetem büszkesége az Old Library (Régi Könyvtár), valamint az itt kiállított\r\nBook of Kells (9. századi díszített kézirat). A régi könyvtár 65 méter hosszú\r\nnagytermével, egyszerű, de gyönyörű fabútoraival és sok ezer régi könyvével\r\nnagyon szép látványt nyújt. Itt őrzik Brian Boru király hárfáját is, mely a\r\nGuiness védjegyében is szerepet kapott.</span></p>\r\n\r\n<p class="MsoNormal" style="margin-left:0cm;text-indent:-18.0pt;line-height:10.5pt;\r\nmso-list:l0 level1 lfo1;tab-stops:list 36.0pt"><span style="font-size:10.0pt;mso-bidi-font-size:8.5pt;font-family:Symbol;mso-fareast-font-family:\r\nSymbol;mso-bidi-font-family:Symbol;color:#343434"><span style="mso-list:Ignore">·<span style="font:7.0pt &quot;Times New Roman&quot;">&nbsp;&nbsp;&nbsp;&nbsp;&nbsp;&nbsp;&nbsp;&nbsp;&nbsp;&nbsp;&nbsp;&nbsp;&nbsp;&nbsp;&nbsp;&nbsp;&nbsp;&nbsp;&nbsp;&nbsp;&nbsp;&nbsp;&nbsp;&nbsp;&nbsp;&nbsp;&nbsp;&nbsp;&nbsp;&nbsp;&nbsp;&nbsp;\r\n</span></span></span><span style="font-size:8.5pt;font-family:Verdana;\r\ncolor:#343434">St. Patrick''s Katedrális: Szent Patrick az írek védőszentje, így\r\nnem meglepő, hogy a város legfontosabb katolikus temploma is az ő nevét viseli.\r\nAz 1191-ben épült első templomot a 13. században alakították át - nagyrészt ma\r\nis ezt láthatjuk.</span></p>\r\n\r\n<p class="MsoNormal" style="margin-left:0cm;text-indent:-18.0pt;line-height:10.5pt;\r\nmso-list:l0 level1 lfo1;tab-stops:list 36.0pt"><span style="font-size:10.0pt;mso-bidi-font-size:8.5pt;font-family:Symbol;mso-fareast-font-family:\r\nSymbol;mso-bidi-font-family:Symbol;color:#343434"><span style="mso-list:Ignore">·<span style="font:7.0pt &quot;Times New Roman&quot;">&nbsp;&nbsp;&nbsp;&nbsp;&nbsp;&nbsp;&nbsp;&nbsp;&nbsp;&nbsp;&nbsp;&nbsp;&nbsp;&nbsp;&nbsp;&nbsp;&nbsp;&nbsp;&nbsp;&nbsp;&nbsp;&nbsp;&nbsp;&nbsp;&nbsp;&nbsp;&nbsp;&nbsp;&nbsp;&nbsp;&nbsp;&nbsp;\r\n</span></span></span><span style="font-size:8.5pt;font-family:Verdana;\r\ncolor:#343434">Városháza: Ez a nagy klasszicista épület (1779-ben fejezték be)\r\nelőbb a kereskedelmi kamara, később a dublini tanács székhelye lett. Két okból\r\nis érdemes benézni. Az első a gyönyörű, világos, kör alakú terem aranyozott\r\ndíszítéssel. A másik ok az "alagsorban" található, The Story of the\r\nCapitalnak nevezett multimédiás történelmi kiállítás, ahol nagyon sokat\r\nmegtudhatunk Dublin történelméről, valóban érdekes és interaktív módon.\r\n&nbsp;&nbsp;&nbsp;&nbsp;</span></p>\r\n\r\n<p class="MsoNormal" style="margin-left:0cm;text-indent:-18.0pt;line-height:10.5pt;\r\nmso-list:l0 level1 lfo1;tab-stops:list 36.0pt"><span style="font-size:10.0pt;mso-bidi-font-size:8.5pt;font-family:Symbol;mso-fareast-font-family:\r\nSymbol;mso-bidi-font-family:Symbol;color:#343434"><span style="mso-list:Ignore">·<span style="font:7.0pt &quot;Times New Roman&quot;">&nbsp;&nbsp;&nbsp;&nbsp;&nbsp;&nbsp;&nbsp;&nbsp;&nbsp;&nbsp;&nbsp;&nbsp;&nbsp;&nbsp;&nbsp;&nbsp;&nbsp;&nbsp;&nbsp;&nbsp;&nbsp;&nbsp;&nbsp;&nbsp;&nbsp;&nbsp;&nbsp;&nbsp;&nbsp;&nbsp;&nbsp;&nbsp;\r\n</span></span></span><span style="font-size:8.5pt;font-family:Verdana;\r\ncolor:#343434">Guinness Múzeum: Sok látogatónak Írországról a Guinness jut\r\nelőször az eszébe, és számukra a sörgyár meglátogatása jelenti a dublini út\r\negyik legfőbb célját. Maga a gyár nem látogatható, a múzeum egy eredeti módon felújított\r\nhétemeletes gyárépületben található hipermodern kiállítás. A belépőjegyhez egy\r\nkorsó sör is jár a hetedik emeleti panorámás bárban.</span></p>\r\n\r\n<p class="MsoNormal" style="margin-left:0cm;text-indent:-18.0pt;line-height:10.5pt;\r\nmso-list:l0 level1 lfo1;tab-stops:list 36.0pt"><span style="font-size:10.0pt;mso-bidi-font-size:8.5pt;font-family:Symbol;mso-fareast-font-family:\r\nSymbol;mso-bidi-font-family:Symbol;color:#343434"><span style="mso-list:Ignore">·<span style="font:7.0pt &quot;Times New Roman&quot;">&nbsp;&nbsp;&nbsp;&nbsp;&nbsp;&nbsp;&nbsp;&nbsp;&nbsp;&nbsp;&nbsp;&nbsp;&nbsp;&nbsp;&nbsp;&nbsp;&nbsp;&nbsp;&nbsp;&nbsp;&nbsp;&nbsp;&nbsp;&nbsp;&nbsp;&nbsp;&nbsp;&nbsp;&nbsp;&nbsp;&nbsp;&nbsp;\r\n</span></span></span><span style="font-size:8.5pt;font-family:Verdana;\r\ncolor:#343434">Malahide-kastély: A Malahide-kastély egy csodálatos, 260 holdas\r\nbirtok, amely Dublin központjától északra helyezkedik el Malahide festői\r\nfalujában. A Talbot család otthona közel 800 éve. A Talbot család tizennégy\r\ntagja együtt reggelizett a nagy teremben a boyne-i csata reggelén 1690-ben.\r\nVacsorázni azonban már egyikük sem térhetett vissza.</span></p>\r\n\r\n<p class="MsoNormal" style="margin-left:0cm;text-indent:-18.0pt;line-height:10.5pt;\r\nmso-list:l0 level1 lfo1;tab-stops:list 36.0pt"><span style="font-size:10.0pt;mso-bidi-font-size:8.5pt;font-family:Symbol;mso-fareast-font-family:\r\nSymbol;mso-bidi-font-family:Symbol;color:#343434"><span style="mso-list:Ignore">·<span style="font:7.0pt &quot;Times New Roman&quot;">&nbsp;&nbsp;&nbsp;&nbsp;&nbsp;&nbsp;&nbsp;&nbsp;&nbsp;&nbsp;&nbsp;&nbsp;&nbsp;&nbsp;&nbsp;&nbsp;&nbsp;&nbsp;&nbsp;&nbsp;&nbsp;&nbsp;&nbsp;&nbsp;&nbsp;&nbsp;&nbsp;&nbsp;&nbsp;&nbsp;&nbsp;&nbsp;\r\n</span></span></span><span style="font-size:8.5pt;font-family:Verdana;\r\ncolor:#343434">Dublin Writers Museum: Az Írók múzeuma egy csodálatosan renovált\r\nGyörgy korabeli palota, amely Írország irodalmi hagyatékát dicsőíti. A múzeum\r\nhatalmas könyv-, vers-, portré- és levélgyűjteménye felöleli Írország utóbbi\r\n300 évének leghíresebb irodalmi alakjait.</span></p>\r\n\r\n<p class="MsoNormal" style="margin-left:0cm;text-indent:-18.0pt;line-height:10.5pt;\r\nmso-list:l0 level1 lfo1;tab-stops:list 36.0pt"><span style="font-size:10.0pt;mso-bidi-font-size:8.5pt;font-family:Symbol;mso-fareast-font-family:\r\nSymbol;mso-bidi-font-family:Symbol;color:#343434"><span style="mso-list:Ignore">·<span style="font:7.0pt &quot;Times New Roman&quot;">&nbsp;&nbsp;&nbsp;&nbsp;&nbsp;&nbsp;&nbsp;&nbsp;&nbsp;&nbsp;&nbsp;&nbsp;&nbsp;&nbsp;&nbsp;&nbsp;&nbsp;&nbsp;&nbsp;&nbsp;&nbsp;&nbsp;&nbsp;&nbsp;&nbsp;&nbsp;&nbsp;&nbsp;&nbsp;&nbsp;&nbsp;&nbsp;\r\n</span></span></span><span style="font-size:8.5pt;font-family:Verdana;\r\ncolor:#343434">Croke Park: a város északi részén elhelyezkedő Croke Parkban\r\ntalálható csodálatos, 82 000 férőhelyes stadiont Európa egyik legjobb\r\nstadionjának választották. A nyári hónapok vasárnapjain lenyűgözőek az ír–gael\r\njátékok: főleg a hurling (ír hoki) és a futball.</span></p>\r\n\r\n<p class="MsoNormal" style="margin-left:0cm;text-indent:-18.0pt;line-height:10.5pt;\r\nmso-list:l0 level1 lfo1;tab-stops:list 36.0pt"><span style="font-size:10.0pt;mso-bidi-font-size:8.5pt;font-family:Symbol;mso-fareast-font-family:\r\nSymbol;mso-bidi-font-family:Symbol;color:#343434"><span style="mso-list:Ignore">·<span style="font:7.0pt &quot;Times New Roman&quot;">&nbsp;&nbsp;&nbsp;&nbsp;&nbsp;&nbsp;&nbsp;&nbsp;&nbsp;&nbsp;&nbsp;&nbsp;&nbsp;&nbsp;&nbsp;&nbsp;&nbsp;&nbsp;&nbsp;&nbsp;&nbsp;&nbsp;&nbsp;&nbsp;&nbsp;&nbsp;&nbsp;&nbsp;&nbsp;&nbsp;&nbsp;&nbsp;\r\n</span></span></span><span style="font-size:8.5pt;font-family:Verdana;\r\ncolor:#343434">St. Stephen’s Green park: Írország egyik legrégibb nyilvános\r\nparkja a St. Stephen’s Green egy menedék a Grafton streeti élénk\r\nbevásárlóközpont elől. Fákkal szegélyezett gyalogútjaival, rekettyéseivel,\r\nnövényszegélyeivel és dísztavával az egyik legkellemesebb pihenőhely egy városközponti\r\ntúra után.</span></p>\r\n\r\n<p class="MsoNormal" style="margin-left:0cm;text-indent:-18.0pt;line-height:10.5pt;\r\nmso-list:l0 level1 lfo1;tab-stops:list 36.0pt"><span style="font-size:10.0pt;mso-bidi-font-size:8.5pt;font-family:Symbol;mso-fareast-font-family:\r\nSymbol;mso-bidi-font-family:Symbol;color:#343434"><span style="mso-list:Ignore">·<span style="font:7.0pt &quot;Times New Roman&quot;">&nbsp;&nbsp;&nbsp;&nbsp;&nbsp;&nbsp;&nbsp;&nbsp;&nbsp;&nbsp;&nbsp;&nbsp;&nbsp;&nbsp;&nbsp;&nbsp;&nbsp;&nbsp;&nbsp;&nbsp;&nbsp;&nbsp;&nbsp;&nbsp;&nbsp;&nbsp;&nbsp;&nbsp;&nbsp;&nbsp;&nbsp;&nbsp;\r\n</span></span></span><span style="font-size:8.5pt;font-family:Verdana;\r\ncolor:#343434">Temple Bar: legendás, macskaköves utcái, Dublin kulturális\r\nnegyede, színházakkal, bárokkal, éttermekkel, hotelekkel, szabadtéri\r\nvetítésekkel és utcai piacokkal van tele.</span></p>\r\n\r\n<p style="margin:0cm;margin-bottom:.0001pt;line-height:10.5pt"><span style="font-size:8.5pt;font-family:Verdana;color:#343434">A fentiek mellett\r\nhangultától függően sétáljon egyet valamelyik parkban, járja végig az O’Connell\r\nStreet üzleteit, golfozzon a környéken, nézze meg az Old Jameson whiskey-üzem\r\nbemutatóját és szurkoljon egy választott csapatnak valamelyik kiskocsmában!<br>\r\n\r\n<br>\r\n\r\n<strong><span style="font-family:Verdana">Leghíresebb fesztiválok a városban</span></strong><br>\r\n\r\n<br>\r\n\r\nSzent Patrick Napi Fesztivál, március<br>\r\n\r\nMárcius 17-én, Szent Patrick napján az egész világ Írországot ünnepli. Habár a\r\nvilág nagyvárosaiban is buliznak és ünnepelnek, a legnagyobb buli Dublinban\r\nvan. Öt napon és éjszakán keresztül tart az ünneplés Írország védőszentjének\r\ntiszteletére. Sőt, az egyhetes fesztivál legtöbb eseménye ingyenes!<br>\r\n\r\n<br>\r\n\r\nBloomsday Fesztivál, június<br>\r\n\r\nA Bloomsday Fesztivál James Joyce Ulysses című művének egyhetes ünnepsorozata.\r\nAz ünnepség június 16-án ér véget a regény főszereplőjéről, Leopold Bloomról\r\nelnevezett napon, amikor a regény cselekménye zajlik 1904-ben. Mára hagyománnyá\r\nvált, hogy Joyce legismertebb művének kedvelői korabeli ruhákba öltöznek, és\r\nkörbejárják a regényben említett színhelyeket Dublinban, majd felolvasásokon\r\nvesznek részt, ahol elmerülnek az író világában.</span></p>\r\n\r\n</span>\r\n</span></p>\r\n', 'Dublin', '', '', NULL, '0000-00-00 00:00:00', '2012-10-19 14:35:27', '<p>\r\n</p>\r\n<p style="\r\ncolor:#343434">Dublin és Írország sok embert késztet álmodozásra. A hangulatos\r\nkocsmák, az ír zene, a szép parkok és a gyönyörű tájak miatt egyre többen\r\nutaznak a zöld szigetre. A gyakori esőktől eltekintve a klíma sem rossz: a tél\r\nenyhe, a nyár hűvös. Dublinban múzeumokból és látnivalókból nincs hiány, a\r\nnézelődés fáradalmait pedig bármikor kipihenhetjük egy pub-ban egy korsó\r\nGuinness vagy egy pohár whiskey mellett.</p>\r\n\r\n<span id="pastemarkerend">&nbsp;</span>', NULL, 16, NULL, 0, NULL, 1, NULL, NULL, NULL, '<p>\r\n</p>\r\n<p style="color:#343434">Akinek a város\r\nlátnivalói mellett még van egy kis ideje más területeket is felfedezni, azoknak\r\na következőket ajánljuk:<br>\r\n\r\n<br>\r\n\r\n  * Galwaybe vagy Corkba busszal is könnyen el lehet jutni<br>\r\n\r\n  * A vidéki kisvárosok felfedezéséhez az autóbérlés jobb\r\nmegoldás: Wicklow-hegység, Newgrange, stb.<br>\r\n\r\n<br>\r\n\r\nTippek az autóbérléshez: 2005. január 20-tól Írország közlekedés tekintetében\r\nteljesen átállt a metrikus rendszerre, azaz nem mérföldben, hanem kilométer per\r\nórában jelzik a sebességhatárokat és km-ben vannak megadva a távolságok is.\r\nArra viszont figyelni kell, hogy baloldali a közlekedés!</p>\r\n\r\n<span id="pastemarkerend">&nbsp;</span>', 'Kirándulástippek', NULL, NULL, NULL, NULL, 'dublin', 'Dublin, whiskey túra', 'Dublin', '<p>\r\n</p>\r\n<p><span style="color:#343434">·<span style="Times New Roman&quot;">           \r\n</span></span><span style="\r\ncolor:#343434">Budapestről közvetlen járatot az Air Lingus üzemeltet. Általában\r\nkedvező áron foglalhatók jegyek, de ha valakinek az ár fontos, legolcsóbban\r\nLondonon keresztül fapadosokkal juthat Dublinba. Ez esetben viszont megfelelő\r\nátszállási időt kell hagyni és figyelembe kell venni, hogy a fapados társaságok\r\nnem vállalnak garanciát az átszállásokra! (viszont pár órát könnyű eltölteni\r\nLondonban)</span></p>\r\n\r\n<p><span style="color:#343434">·<span style="Times New Roman&quot;">           \r\n</span></span><span style="\r\ncolor:#343434">A repülőtérről taxival, és kétféle busszal lehet a központba\r\njutni. Az expressbusz drágább, de kevesebb megállója van.</span></p>\r\n\r\n<p><span style="color:#343434">·<span style="Times New Roman&quot;">           \r\n</span></span><span style="\r\ncolor:#343434">Városi közlekedés: bármikor felszállhatunk egy buszra, de a\r\nlátnivalókat gyalogosan is könnyen felfedezhetjük. A Dublin-kártyát már akkor\r\nis érdemes megvenni, ha csak a Guiness és az Old Jameson múzeumba látogatunk\r\nel.</span></p>\r\n\r\n<span id="pastemarkerend">&nbsp;</span>', 0, ''),
(30, '<p>\r\n</p>\r\n<p style="color:#343434">A frankfurti\r\nkereskedelmi vásárok több száz éves múltra tekintenek vissza. Már a középkorban\r\nis jelentős vásárváros volt, Lipcsével a Via Regia kereskedelmi útvonal kötötte\r\nössze. A mai napig legismertebb kiállításai, területükön a legnagyobbak: a\r\nNemzetközi Autókiállítás, a Frankfurti Könyvvásár, az Achema környezetvédelmi\r\nés biotechnológiai kongresszus és kiállítás és Az Ambiente, a legnagyobb\r\nfogyasztási cikkekkel foglalkozó vására, hogy csak a legjelentősebbeket\r\nemlítsük.</p>\r\n\r\n<p style="color:#343434">&nbsp;<br>\r\n\r\nEurópában szinte egyedülálló módon számos felhőkarcoló is épült itt, amiért Mainhattannek\r\nis becézik a várost. A frankfurti Európa második legforgalmasabb repülőtere a\r\nlondoni Heathrow után.<br>\r\n\r\nHa viszont nem üzleti utazóként érkezünk, elkerüljük a nagy vásári időszakokat,\r\nakkor egy rendkívül kedves, bájos város képe tárul elénk. A várost kettészelő\r\nMajna a Rajna mellékfolyója és a Duna-Majna csatornán keresztül összeköttetést\r\nbiztosít az Északi- és a Fekete-tenger között.<br>\r\n\r\nAz Óvárosban a 14. századi városháza, a Römer tulajdonképpen egy kilenc\r\népületből álló komplexum. A II. világháborúban az óváros középkort idéző több\r\nmint 4000 favázas háza egyetlen kivételtől eltekintve teljes egészében\r\nelpusztult. Ezek emlékére őrizték meg és újították fel a városházát és a\r\nszomszédos épületeket az eredeti stílusban.<br>\r\n\r\nÉrdemes ellátogatnunk a Szent Bertalan katedrális gótikus épületébe. 1356-tól\r\nitt választották meg, majd 1562-1792 között itt is koronázták meg a német-római\r\ncsászárokat, innen ered a közismertebb Császárdóm elnevezés. 95 m magas tornya a város\r\negyik jelképe.<br>\r\n\r\nFeltétlenül pihenjünk meg Frankfurt legforgalmasabb terén, a Hauptwachen\r\n(magyarul Főőrség a név jelentése). A tér közepén álló épület kb. 150 évig a\r\ncsendőrség székhelye, majd börtön volt. Jelenleg egy kávézó működik benne. A\r\ntérről indulnak Frankfurt leghíresebb bevásárlóutcái, köztük az ország\r\nleghíresebb, a Zeil is. A közelben épült Goethe szülőháza, a régi és az új\r\nOperaház épülete is.<br>\r\n\r\nA Sachsenhausen városrészben található a város 60 múzeumának nagy része, a\r\nszórakoztató-negyedben gyalogos zónává alakított utcákon és tereken sétálhatunk.</p>\r\n\r\n<span id="pastemarkerend">&nbsp;</span>', 'Frankfurt', '', '', NULL, '0000-00-00 00:00:00', '2012-10-19 14:35:27', '<p><span style="Times New Roman&quot;;Times New Roman&quot;;\r\ncolor:#343434;">Mi jut eszébe Németország egyik legnagyobb városáról? Kereskedelmi,\r\npénzügyi és kulturális központ. Itt székel az Európai Központi Bank, a\r\nlegnagyobb német bankok központja, a legnagyobb európai tőzsde, és a világ\r\nlegnagyobb határidős tőzsdéje (Eurex) is itt található. A pénzügyek mellett a\r\nlegkülönbözőbb iparágak központjai is idetelepültek, mint pl. vegyipari\r\nnagyvállalatok, gyógyszerészeti cégek, reklám- és szoftvercégek.<br>\r\n</span><span style="Times New Roman&quot;;Times New Roman&quot;;\r\ncolor:#343434;">\r\n<span id="pastemarkerend"></span></span><br>\r\n<span style="Times New Roman&quot;;Times New Roman&quot;;\r\ncolor:#343434;">\r\n</span></p>\r\n', NULL, 5, NULL, 0, NULL, 1, NULL, NULL, NULL, '', 'Kirándulástippek', NULL, NULL, NULL, NULL, '1', '', '', '<p><span style="Times New Roman&quot;;Times New Roman&quot;;\r\ncolor:#343434;">Közvetlen járatot Budapestről a Malév és a Lufthansa üzemeltet.<br>\r\n\r\n- A repülőtérről vonattal vagy busszal lehet a legkedvezőbb áron a belvárosba\r\njutni.<br>\r\n\r\n- A város tömegközlekedése irigylésre méltó. A helyi érdekű gyorsvasúthálózat\r\n(S-Bahn) 9 vonala, a 7 városi metróvonal (U-Bahn) valamint a rendkívül jól\r\nkiépített villamos- és buszhálózat biztosítja a gyors utazást a város bármely\r\nkét pontja között.<span id="pastemarkerend">&nbsp;</span></span></p>\r\n', 0, ''),
(31, '', 'Botswana', '', '', '948_botswana2_1.jpg', '2012-12-26 12:10:16', '2012-10-19 14:35:27', '<p>\r\n</p>\r\n<p style="color:#272525">Botswana az az afrikai ország, ahol igen\r\nhamar megértették, hogy a tömegturizmussal szemben a természeti szépségek\r\nmegőrzése és az állatok védelme az elsődleges, ezért fajgazdagsága és élővilága\r\npáratlan. Minőségi, kényelmes szállások, szakértő túravezetők és különleges\r\njárművek várnak, hogy a legapróbb csodának is tanúja lehess, de mindenkitől\r\nelvárják, hogy tiszteletben tartsa a fenntartható turizmusra vonatkozó\r\nszabályokat. Korlátozott számban (és elég magas díjak ellenében) fogadnak\r\nlátogatókat a nemzeti parkokban, ami lehetővé teszi azt is, hogy Te se a\r\nturistákat lásd, hanem a vadvilágot, az országnak pedig legyen anyagi forrása a\r\nnemzeti parkok fenntartására és a természetvédelmi programokra is.\r\nLélegzetelállító természeti szépségek és életre szóló élmények várnak rád\r\nBotswanában.</p>\r\n\r\n<span id="pastemarkerend">&nbsp;</span>', NULL, 1, '974_moremi6_1.jpg', 0, NULL, 5, NULL, NULL, NULL, NULL, NULL, NULL, NULL, NULL, NULL, '1-1-1-1-1-1-1-1-1-1-1-1-1-1-1-1-1-1-1-1-1-1', '', '', '', 3, '');
INSERT INTO `trips` (`id`, `description`, `name`, `price`, `travel_date`, `image_file`, `updated`, `created`, `short_description`, `travel_price_includes`, `country_id`, `circle_image_file`, `hajozz`, `region_id`, `category_id`, `accommodation`, `travel_method`, `minimal_persons`, `extra`, `extra_title`, `star_rating`, `day`, `special`, `service`, `slug`, `keywords`, `title`, `important_information`, `continent_id`, `map_image_file`) VALUES
(32, '<p>\r\n</p>\r\n<p style="color:#343434">A közeli\r\ntelepülésekkel (Espoo, Vantaa és Kauniainen) szinte már egybeolvadt, együttesen\r\nkb. 1 millió lakosuk van, 8 egyetemnek és 6 technológiai parknak adnak otthont.<br>\r\n\r\nTöbb, mint 450 éves történelmének megfelelően a városban különböző építészeti\r\nstílusok keverednek: a régi hagyományos építési módoktól a legújabb design\r\nmegvalósulásáig minden felfedezhető. Az épületek közt parkok és erdők is\r\ntalálhatók, igyekeznek a modern toronyházak helyett a korábbi szabályoknak\r\nmegfelelő max. 2-3 emeletes épületeket előtérbe helyezni.</p>\r\n\r\n<p style="color:#343434">Legfőbb\r\nnevezetességei gyalogosan is könnyen megközelíthetők, de érdemes egy\r\nhajókázáson is résztvennünk. A városban számtalan érdekes múzeum van, melyek\r\nközül a leghíresebb talán a Nemzeti múzeum, aminek az épülete is érdekes és a\r\nvárosi múzeum, ami Helsinki történetét mutatja be. Emellett több múzeuma van a\r\nHelsinki Egyetemnek, de rengeteg egyéb témával kapcsolatosan is találunk\r\nmúzeumokat, mint pl. a katonai, építészeti, természettudományos, közlekedési\r\n(autó, vonat, tengeralattjáró), technikai, sportokkal és pénzügyekkel\r\nkapcsolatos. Kiemelnénk még a Heureka, finn tudományos központot, ami\r\ninteraktív kiállítás keretében vezet be a technikai világába.<br>\r\n\r\nA múzeumok mellett rengeteg érdekes épülethez is elláto9gathatunk, mint a\r\nParlament, Elnöki palota, Városháza, Operaház, Sibelius emlékmű és a\r\nTemppeliaukio sziklatemplom. A finn designerek világába is betekintést\r\nnyerhetünk sétánk során. Érdekes látogatást tehetünk a Suomenlina tengeri\r\nerődítménybe is.<br>\r\n\r\n<br>\r\n\r\nLátványosságainak jelentős része a sporttal kapcsolatos. Az 1952-es Olimpiai\r\nJátékok stadionjai, a teniszpalota, a Velodrome és az uszoda csak néhány ezek\r\nközül. Az olimpia után itt tartották az első (és azóta több) Atlétikai Világ-\r\nés Európabajnokságot. A legnépszerűbb sportok a foci és a hoki, amik szurkolók\r\ntömegeit vonzzák időről időre a városba.</p>\r\n\r\n<span id="pastemarkerend">&nbsp;</span>', 'Helsinki', '', '', NULL, '0000-00-00 00:00:00', '2012-10-19 14:35:27', '<p><span style="Times New Roman&quot;;Times New Roman&quot;;\r\ncolor:#343434;">Az európai kontinens legészakibb fővárosa és kb. 579 000 lakosával\r\negyben Finnország legnagyobb városa. 1550-ben alapították és 1812 óta főváros.\r\n686 km2-en terül el, 315 sziget tartozik hozzá és 98 km tengerpart. <span id="pastemarkerend">&nbsp;</span></span></p>\r\n', NULL, 17, NULL, 0, NULL, 1, NULL, NULL, NULL, '<p>\r\n</p>\r\n<p style="color:#343434">Akinek a város\r\nszámtalan látnivalója mellett még van egy kis ideje és energiája más\r\nterületeket is felfedezni, azoknak a következőket ajánljuk:<br>\r\n\r\n<br>\r\n\r\n  * Porvoo: festői városka a második legrégibb finn település.\r\nA város elrendezése, az alacsony házak és keskeny utcák még a középkorból\r\nmaradtak fenn. Jelképei a folyóparti vörös raktárházak.<br>\r\n\r\n  * Nuuksio nemzeti park: 37 km2-en terül el, a nyugalom és a\r\nszépség „szigete”, alig 45 percre a fővárostól.</p>\r\n\r\n<span id="pastemarkerend">&nbsp;</span>', 'Kirándulástippek', NULL, NULL, NULL, NULL, '1-1-1', 'Helsinki', '', '<p>\r\n</p>\r\n<p style="color:#343434">  *\r\nBudapestről közvetlen járatot a Finnair üzemeltet.<br>\r\n\r\n  * A várostól 19 km-re fekvő repülőtérről taxival vagy\r\nkétféle busszal lehet a központba jutni.<br>\r\n\r\n  * Városi közlekedés: nagyon modern és kiterjedt a\r\ntömegközlekedés. Jegyet lehet venni a sofőröknél és az automatákban is. Egyes\r\nbuszokon és villamosokon ingyenes wifi is van.<br>\r\n\r\n  * Érdemes megvenni a Helsinki-kártyát: ingyenes vele a\r\ntömegközlekedés és belépés a múzeumokba, kedvezmény ad adott éttermekben és\r\nüzletekben; valamint igénybevehető egy panorámás, buszos városnézés is\r\ningyenesen.</p>\r\n\r\n<span id="pastemarkerend">&nbsp;</span>', 0, ''),
(33, '<p><span style="Times New Roman&quot;;Times New Roman&quot;;\r\ncolor:#343434;">Koppenhága Dánia fővárosa és egyben az ország és Skandinávia legnagyobb\r\nvárosa. Több felmérés szerint az egyik legélhetőbb város a világon. Mi jut eszünkbe\r\nróla? Elsőként valószínűleg a Kis Hableány és a rengeteg biciklis. Emellett\r\nazonban a bájos északi városban számtalan látnivaló vár minket: érdemes\r\nmegtekinteni a Christiansborg palotát, ami a dán parlamentnek ad helyet, a\r\nKastellet ötszög alakú erődítményét, az Amalienborg palotát, ami a királyi\r\ncsalád téli rezidenciája és a Rosenborg kastélyt, ahol a koronaékszereket őrzik<span id="pastemarkerend">&nbsp;</span></span></p>\r\n', 'Koppenhága', '', '', NULL, '0000-00-00 00:00:00', '2012-10-19 14:35:27', '<p><span style="Times New Roman&quot;;Times New Roman&quot;;\r\ncolor:#343434;">Koppenhága Dánia fővárosa és egyben az ország és Skandinávia legnagyobb\r\nvárosa. Több felmérés szerint az egyik legélhetőbb város a világon. Mi jut eszünkbe\r\nróla? Elsőként valószínűleg a Kis Hableány és a rengeteg biciklis. Emellett\r\nazonban a bájos északi városban számtalan látnivaló vár minket: érdemes\r\nmegtekinteni a Christiansborg palotát, ami a dán parlamentnek ad helyet, a\r\nKastellet ötszög alakú erődítményét, az Amalienborg palotát, ami a királyi\r\ncsalád téli rezidenciája és a Rosenborg kastélyt, ahol a koronaékszereket őrzik<span id="pastemarkerend">.</span></span></p>\r\n', NULL, 1, NULL, 0, NULL, 1, NULL, NULL, NULL, '<p>\r\n</p>\r\n<p style="\r\ncolor:#343434">Dániában mindenképpen érdemes a fővárostól kicsit távolabb eső\r\nvidékeket is bejárni. Az ún. Greater Copenhagen (a város kb. 100 km-s körzete)\r\nterületén kb. 10 percenként járnak a vonatok a különböző városok között és az\r\ninformációközlés is rendkívül magas színvonalú: mindenki könnyen megtalálja az\r\núticélját és a nagyobb vasútállomásokon is a megfelelő vágányt.</p>\r\n\r\n<p style="color:#343434">  *\r\nMalmö: a svéd város nem tartozik Greater Coppenhagen területéhez, de\r\nmindenképpen elsőként említenénk meg, mert a két várost összekötő, a víz alatt\r\nés felett is átívelő Oresund híd ugyanis önmagában is különleges.<br>\r\n\r\n  * Helsingor (Elsinore): elsősorban Kronborg váráról híres,\r\nahol Shakespeare Hamletje játszódik, de az épen maradt történelmi városrész is\r\nnagyon szép.<br>\r\n\r\n  * Hillerodban egy hatalmas palota (Frederiksborg) található,\r\nvalamint egy gyönyörű barokk kert. A palotához egy csónakázó tó is tartozik,\r\nahol számos, gyönyörű színes madárfaj fészkel.<br>\r\n\r\n  * Roskilde: a fjord mellett fekvő régi főváros a\r\nVilágörökség része, félig szabadtéri Viking múzeuma lenyűgöző.<br>\r\n\r\n  * Legoland: az áprilistól október végéig nyitvatartó parkban\r\nmindenki megtalálja a korosztályának és kedvének megfelelő programot és\r\njátékot. A park a Jütland-félsziget közepén Billund mellett található. Vonattal\r\nvagy autóval közelíthető meg a legkönnyebben. Családoknak és gyermeklelkű\r\nfelnőtteknek kihagyhatatlan program!</p>\r\n\r\n<span id="pastemarkerend">&nbsp;</span>', 'Kirándulástippek', NULL, NULL, NULL, NULL, '1-1-1-1', 'Koppenhága, hableány', '', '<p>\r\n</p>\r\n<p style="color:#343434">* Budapestről a\r\nNorwegian üzemeltet közvetlen járatot. Érdemes figyelni a Wizzair fapados\r\ntársaság ajánlatait is, ami ugyan Malmöbe repül, de a két várost híd köti\r\nössze, így onnan is nagyon könnyű megközelíteni Koppenhágát.<br>\r\n\r\n  * A repülőtérről leggyorsabban és legkényelmesebben vonattal\r\nlehet a városközpontba jutni, de természetesen taxit vagy buszt is igénybe\r\nvehetünk.<br>\r\n\r\n  * Városi közlekedés: leggyorsabb a vasút, a metró és a már\r\nemlített bicikli, de a buszhálózat is elég sűrű. Mindenképpen érdemes felülnünk\r\negy hajóra is, ami a város csatornarendszerén közlekedik. Jegyek minden\r\nállomáson kaphatók, de a zónarendszer miatt érdemesebb napijegyet használnunk.\r\nArra kell ügyelni, hogy a napijegyet az első igénybevételkor az automatánál\r\nlepecsételjük, utána csak felmutatni kell az ellenőrzéskor. A napijegy Greater\r\nCopenhagen területére szól, így nemcsak a repülőtéri járatot lehet ezzel\r\nhasználni, hanem még számos (pl. a lentebb ismertetett) városba is el lehet\r\njutni.<br>\r\n\r\n  * A Koppenhága kártyát annak érdemes megvennie, aki több\r\nnapot tud eltölteni a városban és a környékén, illetve sok múzeumba és\r\nkastélyba szeretne ellátogatni. A többi városkártyához hasonlóan ezzel is\r\ningyenes a közlekedés, több helyre a belépő, illetve bizonyos látványosságokhoz\r\nkedvezményt biztosít.</p>\r\n\r\n<span id="pastemarkerend">&nbsp;</span>', 0, ''),
(34, '<p>\r\n</p>\r\n<p style="color:#343434">A hatalmas és\r\nimpozáns katedrális mellett 12 románkori templomot járhatunk végig, melyek\r\negyenként is különlegesek és nemcsak az építészeket és művészettörténészeket\r\nbűvölik el. Az újjáépített óváros kanyargós, macskaköves utcáin sétálva egyenes\r\na középkorban érezzük magunkat. A régi épületek, az eklektikus Városháza, a\r\nváros középkori kapui és a halpiac hangulata leírhatatlan! A sétát érdemes a\r\nRajnai-parti panorámában gyönyörködve, vagy a sok park, botanikus kert és\r\narborétum egyikében kipihenni.</p>\r\n\r\n<span style="Times New Roman&quot;;Times New Roman&quot;;color:#343434;">Ha van rá időnk, feltétlenül\r\nvegyünk részt egy hosszabb-rövidebb hajóúton, így nemcsak a város szépségében\r\ngyönyörködhetünk a folyóról, hanem a környék természeti szépségeit is\r\nfelfedezhetjük.<br>\r\n\r\nA város leghíresebb szülötte Ludwig van Beethoven, akinek a lakóháza ma múzeum,\r\nés ősszel az emlékére rendezett Beethoven Fesztiválon az egész környéket\r\náthatja a zenéje. Az ínyencek semmiképp ne hagyják ki a kölni sör\r\nmegkóstolását, az édesszájúaknak pedig „kötelező” elem a csokoládémúzeum\r\nmeglátogatása.<span id="pastemarkerend">&nbsp;</span></span>', 'Köln', '', '', NULL, '0000-00-00 00:00:00', '2012-10-19 14:35:27', '<p><span style="Times New Roman&quot;;Times New Roman&quot;;\r\ncolor:#343434;">Nehogy bárki azt higgye, elegendő a fekete templomba ellátogatni, mert\r\nmás érdekes már nincs a városban! A katedrális tornya Németország legrégibb\r\n(2000 éves) városa felé emelkedik, ahol megszámlálhatatlan kulturális és\r\ntörténelmi kincs, híres múzeum és a klasszikusoktól a legújabb művészeti\r\nirányzatokig minden megtalálható. Azt nem is említve, hogy az „illatos\r\nkölnivíz” is innen indult hódító útjára.</span><span style="Times New Roman&quot;;Times New Roman&quot;;\r\ncolor:#343434;"></span><span id="pastemarkerend"></span><br>\r\n\r\n</p>\r\n', NULL, 5, NULL, 0, NULL, 1, NULL, NULL, NULL, '<p>\r\n</p>\r\n<p style="color:#343434">- A Rajna bal partján\r\naz Augustusburg várat, Brauweiler apátságát vagy az Eifel régió tájait érdemes\r\nfelfedezni<br>\r\n\r\n- A Rajna jobb partján az Altenberg katedrális, kastélyok, várak és kicsit\r\ndélebbre, Königswinterben a Drachenfels (Sárkányszikla) várja a látogatókat.</p>\r\n\r\n<span id="pastemarkerend">&nbsp;</span>', 'Kirándulástippek', NULL, NULL, NULL, NULL, '1-1-1-1-1', '', '', '<p>\r\n</p>\r\n<p style="color:#343434">Minden évben az\r\nadvent előtti utolsó hétfőn nyitja meg kapuit a karácsonyi vásár. Pontosabban a\r\nkarácsonyi vásárok, hiszen a városban 7 helyszínen zajlik a vásár a különböző\r\nkorok stílusában. Nem a vásárlás az elsődleges, bár a sokféle ajándéktól a\r\nváltozatos karácsonyfadíszig és mesebeli dekorációkig minden megtalálható itt,\r\nhanem a hangulat. A kézművesek bemutatója, a forralt bor, a sült gesztenye és a\r\ngyömbér illata mindent betölt, miközben az egész város karácsonyi izgalomban\r\nég.</p>\r\n\r\n<p style="color:#343434">- Közvetlen Budapest\r\n– Köln/Bonn járatot üzemeltet a Germanwings fapados légitársaság.<br>\r\n\r\n- A repülőtérről vonattal vagy busszal érdemes megközelíteni a városközpontot.<br>\r\n\r\n- A tömegközlekedés tökéletesen kiépített, de gyalogosan is minden látványosság\r\nmegközelíthető.</p>\r\n\r\n<span id="pastemarkerend">&nbsp;</span>', 0, ''),
(35, '<p>\r\n</p>\r\n<p style="color:#343434">A város annyival\r\nmagával ragadó, hogy nehéz eldönteni, hol is kezdjük a felfedezést. Lássuk, mik\r\na főbb látnivalók:</p>\r\n\r\n<p><span style="color:#343434">·<span style="Times New Roman&quot;">&nbsp;&nbsp;</span></span><span style="color:#343434"><span style="Times New Roman&quot;"></span></span><span style="color:#343434"></span><span style="color:#343434">Alfama-negyed: a\r\nlegrégebbi városrész, az egyik, mely túlélte az 1755-ös földrengést. Szűk,\r\nkanyargós kis utcákon juthatunk el a Szent György várba, ahonnan pazar kilátás\r\nnyílik a városra. Itt található a katedrális is.</span></p>\r\n\r\n<p><span style="color:#343434">·<span style="Times New Roman&quot;">           \r\n</span></span><span style="\r\ncolor:#343434">Bairro Alto, Felsőváros: a legkülönfélébb szórakozóhelyek\r\nnegyede, mely nemcsak a fiatalok körében kedvelt. A metál és a rock mellett jól\r\nmegférnek a fado éttermek, ahol a tipikus portugál szomorkás-mélabús dalokat\r\nhallgathatjuk.</span></p>\r\n\r\n<p><span style="color:#343434">·<span style="Times New Roman&quot;">           \r\n</span></span><span style="\r\ncolor:#343434">Belém: innen indultak útjukra a portugál hódítók, ennek\r\ntiszteletére épült a Felfedezők emlékműve. Akkoriban a Belém-torony, ami\r\nLisszabon legismertebb és legjellemzőbb épülete, a kikötő világítótornyaként\r\nüzemelt. Itt épült a manuelin stílusú, káprázatos Jeromos kolostor, de számos\r\negyéb nevezetesség mellett kiemelendő még a kocsimúzeum is.</span></p>\r\n\r\n<p><span style="color:#343434">·<span style="Times New Roman&quot;">           \r\n</span></span><span style="\r\ncolor:#343434">Baixa: ez az a városrész, melyet Pombal márki idejében teljes\r\negészében átépítettek a földrengés után. Jelenleg a gondos tervezésnek köszönhetően\r\ncsak párhuzamos és merőleges utcákból áll. Itt található a Kereskedelem tere, a\r\nRossio tér (a város legrégibb tere), valamint a Santa Justa lift.</span></p>\r\n\r\n<p><span style="color:#343434">·<span style="Times New Roman&quot;">           \r\n</span></span><span style="\r\ncolor:#343434">Chiado: tradicionális bevásárló negyed, ahol a régi családias\r\nboltoktól a modern üzletekig minden megtalálható. Nemcsak a turisták, de a\r\nhelyiek is nagyon kedvelik.</span></p>\r\n\r\n<p><span style="color:#343434">·<span style="Times New Roman&quot;">           \r\n</span></span><span style="\r\ncolor:#343434">Alcantara: a folyóparti negyed a régi időkben Lisszabon\r\nkülvárosa volt. A 16. században az előkelőségek itt kötötték ki csónakjaikat. A\r\n19. században felkapott gyár- és raktárnegyed alakult itt ki. Mivel az épületel\r\nnagy része idővel elhagyatottá vált, folyamatosan zajlik a terület megújítása.\r\nJelenleg a Docas, a legfelkapottabb szórakozó-negyed található itt, hiszen a\r\nzaj itt nem zavar senkit, és a teraszokról gyönyörködhetünk a vízen tükröződő panorámában.</span></p>\r\n\r\n<p><span style="color:#343434">·<span style="Times New Roman&quot;">           \r\n</span></span><span style="\r\ncolor:#343434">Garo do Oriente: a forgalmas Orient pályaudvar közelében\r\ntalálható az 1998-as Világkiállítás helyszíne, ahol többek között egy\r\nóceanárium is várja a látogatókat.</span></p>\r\n\r\n<p style="\r\ncolor:#343434">A sok sétálásban elfáradt utasoknak ajánljuk, hogy pihenjenek\r\nmeg és tegyenek egy kört az 1930-as években készült villamosok egyikével,\r\nkóstolják megy a Belém-cukrászda finomságait vagy üljenek ki a folyópartra és\r\ncsodálják meg a san franciscoira hasonlító Április 25. hidat.</p>\r\n\r\n<span id="pastemarkerend">&nbsp;</span>', 'Lisszabon', '', '', NULL, '0000-00-00 00:00:00', '2012-10-19 14:35:27', '<p><span style="Times New Roman&quot;;Times New Roman&quot;;\r\ncolor:#343434;">Portugália jelenleg kevéssé ismert a magyar utazók körében, pedig\r\nvendégszerető lakosai, finom ételei és bájos kisvárosai biztos mindenkit\r\nelbűvölnek. A 7 dombra épült főváros, Lisszabon az óceánparton épült a\r\nTejo-folyó torkolatánál. Itt található Európa leghosszabb hídja a 17,2 km hosszú Vasco da\r\nGama-híd.<br>\r\n</span><span style="Times New Roman&quot;;Times New Roman&quot;;\r\ncolor:#343434;">\r\n<span id="pastemarkerend"></span></span><br>\r\n<span style="Times New Roman&quot;;Times New Roman&quot;;\r\ncolor:#343434;">\r\n</span></p>\r\n', NULL, 1, NULL, 1, NULL, 1, NULL, NULL, NULL, '<p>\r\n</p>\r\n<p style="color:#343434">Lisszabon oly sok\r\nlátványosságot tartogat az utazóknak, hogy pár nap alatt nem érdemes további\r\nkirándulásokra indulnunk. Ha több időnk van, akkor javasoljuk, hogy a 7Mérföld\r\nkalandoroknak szóló fly&amp;drive út alapján válasszuk ki, mi lenne a\r\nszimpatikus a városlátogatás megfűszerezésére.<br>\r\n\r\nHa egy kis pihenésre vágyunk, érdemes a helyi HÉV-szerű vonattal elmennünk\r\nEstoril vagy Cascais óceánparti településeire.</p>\r\n\r\n<span id="pastemarkerend">&nbsp;</span>', 'Kirándulástippek', NULL, NULL, NULL, NULL, '1-1-1-1-1-1', 'Lisszabon', '', '<p>\r\n</p>\r\n<p style="color:#343434">* Budapestről a TAP,\r\nportugál légitársaság üzemeltet közvetlen járatot. A többi légitársasággal egy\r\neurópai átszállással tudunk Lisszabonba jutni.<br>\r\n\r\n   &nbsp;<br>\r\n\r\n  * A repülőtér kb. 15 percre van a városközponttól, így\r\nnyugodtan foghatunk taxit is, hogy bejussunk.<br>\r\n\r\n  * Városi közlekedés: Nagyon fejlett a metró- és a\r\nvillamoshálózat. Jegyet szinte minden állomáson lehet kapni. A negyedek közti\r\nnagy távolságok miatt érdemes napijegyet venni. Vigyázni kell, mert vannak csak\r\nmetróra és csak villamosra szóló jegyek is, amivel más jármű nem vehető\r\nigyénbe!<br>\r\n\r\n  * Mindenkinek ajánljuk a Lisszabon-kártya megvételét és\r\nhasználatát, amivel ingyenes a tömegközlekedés és számtalan belépő. Ha csak pár\r\nnevezetességhez látogatunk, már akkor is megéri megvenni.</p>\r\n\r\n<span id="pastemarkerend">&nbsp;</span>', 0, ''),
(36, '<p>\r\n</p>\r\n<p style="color:#343434">Számtalan látnivalója\r\nközül a legfontosabbak:</p>\r\n\r\n<p style="color:#343434">  *\r\nPrado: a világ egyik leglátogatottabb múzeuma, El Greco, Velazquez, Tiziano,\r\nRembrandt, Goya, Botticelli és Murillo remekműveit őrzi.<br>\r\n\r\n  * Királyi palota (Palacio Real): az ország legnagyobb barokk\r\npalotája, Madrid fő turistalátványossága. Fogadótermeit ünnepélyes alkalmakkor\r\nma is igénybe veszi a király, akit 1975-ben itt koronáztak meg. Látogathatók\r\nlakosztályai, a kápolna, a Bourbon-termek, az értékes németalföldi\r\ngobelingyűjtemény, festménygyűjtemény, Királyi könyvtár, Fegyvertár és a\r\nkertben a királyi hintókat bemutató Kocsimúzeum.<br>\r\n\r\n  * Puerto del Sol: a téren található Madrid jelképe a\r\nbokorról eszegető maci.<br>\r\n\r\n  * Plaza Mayor: az egykori főtéren található a pékek háza és\r\na külügyminisztérium épülete<br>\r\n\r\n  * Retiro park: a város egyik legnagyobb parkja, itt látható\r\na Kristály- és a Velazquez palota.<br>\r\n\r\n  * Gran Vía: a város közepét átszelő fő közlekedési útvonal\r\nsétálóutca számtalan üzlettel és gyönyörű épületekkel<br>\r\n\r\n  * San Bernabeu stadion: a város 4 futballcsapata közül a\r\nlegismertebbé, a Real Madridé<br>\r\n\r\n  * Plaza de Toros: az ország legnagyobb arénája, ahol\r\nbikaviadalokat tartanak<br>\r\n\r\n  * CTBA 2007-ben befejezett új üzleti negyede a 4\r\ntoronyházról kapta nevét (Cuatro Torres Business Area)<br>\r\n\r\n  * Faro de Moncloa: kilátóként is üzemelő adótorony, ahonnan\r\ncsodálatos a kilátás a városra<br>\r\n\r\n  * Palacio de Comunicaciones: a főposta épülete nappali\r\nfényben és esti kivilágításban is gyönyörű<br>\r\n\r\n  * Plaza de Cibeles: szép épületei és szökőkútja a város\r\nvédjegyének számít, de fontos megemlíteni azt is, hogy ha a Real Madrid trófeát\r\nnyer, itt találkozik a szurkolóival<br>\r\n\r\n  * Atocha pályaudvar: a három pályaudvar közül azért emelnénk\r\nki ezt, mert csarnokában rengeteg pálma, kaktusz és teknősbéka él.<br>\r\n\r\n  * Feltétlenül nézzünk meg egy flamenco-bemutatót is!</p>\r\n\r\n<span id="pastemarkerend">&nbsp;</span>', 'Madrid', '', '', NULL, '0000-00-00 00:00:00', '2012-10-19 14:35:27', '<p><span style="Times New Roman&quot;;Times New Roman&quot;;\r\ncolor:#343434;">Spanyolország fővárosa egyben az Európai Unió harmadik legnépesebb\r\nvárosa. Az ország mértani középpontjától csak pár km-re található. Területének\r\ntöbb, mint 50%-át a parkok, terek és utcák alkotják.<span id="pastemarkerend">&nbsp;</span></span></p>\r\n', NULL, 3, NULL, 0, NULL, 1, NULL, NULL, NULL, '<p>\r\n</p>\r\n<p style="color:#343434">Akinek a város\r\nszámtalan látnivalója mellett még van egy kis ideje és energiája más\r\nterületeket is felfedezni, azoknak a következőket ajánljuk:<br>\r\n\r\n<br>\r\n\r\n  * Toledo: A Világörökség része. A fallal és a folyóval\r\nkörülvett város építészeti szépségei mellett hangulata miatt is érdemes meglátogatni<br>\r\n\r\n  * Alcantara de Henares: a középkori városa szinte eredeti\r\nformájában maradt fenn, különleges élmény a régi épületek közt sétálgatni.\r\nSzintén a Világörökség része.<br>\r\n\r\n  * El Escorial: Királyi Palota kertekkel és kolostorral,\r\nvalamint az Elesettek völgye<br>\r\n\r\n  * Segovia: katedrálisa, a római vízvezeték és az Alcazar\r\nlenyűgöző<br>\r\n\r\n  * Aranjuez: spanyol királyi város, amit feltétlenül látni\r\nkell</p>\r\n\r\n<span id="pastemarkerend">&nbsp;</span>', 'Kirándulástippek', NULL, NULL, NULL, NULL, '1-1-1-1-1-1-1', '', '', '<p><span style="Times New Roman&quot;;Times New Roman&quot;;\r\ncolor:#343434;">Budapestről közvetlen járatot a Wizzair üzemeltet. A repülőtérről\r\ntaxival, metróval vagy busszal lehet eljutni a belvárosi szállodákba.<br>\r\n\r\n- A tömegközlekedés nagyon jól szervezett a számtalan busz és villamosjárat\r\nmellett 13 metróvonalon lehet eljutni a város különböző pontjaira.<br>\r\n\r\n- A Madrid-kártyával 50 múzeum és látványosság tekinthető meg ingyen, a Vision\r\nvárosnéző buszokkal is ingyenesen lehet utazni, de a kártyával több helyen\r\nkülönböző kedvezmények is igénybe vehetők.<br>\r\n\r\n<span id="pastemarkerend">&nbsp;</span><br>\r\n\r\n</span></p>\r\n', 0, ''),
(37, '<p>\r\n</p>\r\n<p style="color:#343434">Mire vágysz\r\nleginkább?</p>\r\n\r\n<p style="color:#343434">Egy emlékezetes sörös\r\nbulira a világhírű Oktoberfesten, látogatásra a BMW székházban, önfeledt\r\nszurkolásra a hazaiaknak (vagy a vendégeknek) az Allianz Arenában? Sétálna\r\negyet a hangulatos belvárosban vagy az angolkertben, szeretné megismerni a több\r\nmint száz múzeum valamelyik egyedülálló kiállítását, meghallgatna egy hangversenyt\r\na különböző stílusú templomok egyikében? A fiatalabbakat biztosan elbűvöli az\r\nÚj Városháza órajátéka, a városban vagy a közelben található mesebeli várak és\r\nkastélyok egyike, a Nymphenburg kastélypark, a botanikus kert, a tengeri\r\nakvárium vagy a város 1200 kútja. A Deutsches múzeum rendelkezik a világ\r\nlegnagyobb technikai-természettudományi gyűjteményével, de a repülőkiállítás is\r\nvonzza a különböző korú látogatókat. Kiemelnénk a Bavaria Film Studiost, mely a\r\nmüncheni filmkészítés rejtelmeibe nyújt betekintést: kaszkadőr-show, filmes\r\ntechnikák, „A végtelen történet” és a „Das Boot” díszletei közt is sétálhatunk.\r\nHa kicsit több időnk van, gyerekekkel feltétlenül látogassunk el a márciustól\r\noktóberig nyitvatartó Legolandba!<br>\r\n\r\n  &nbsp;<br>\r\n\r\nA sok izgalom után érdemes a helyi specialitások, pl. a fehérkolbászt vagy a\r\nsósperecet megkóstolni, természetesen valamelyik helyi sör (Hofbrau, Löwenbrau,\r\nPaulaner) kíséretében. Vacsora után a komolyzenei koncertektől a rock-, pop- és\r\ndzsessz-zenéig, a hagyományostól a legmodernebb szórakozóhelyekig, a\r\nlegkülönbözőbb színházi és opera előadásokig mindenki megtalálja a kedvére való\r\nidőtöltést.<br>\r\n\r\nA fentiek mellett felfedezésre váró romantikus belváros, színes piaci forgatag,\r\npaloták és nem utolsósorban rengeteg bolt vár. Foglalj, és tölts egy\r\nfelejthetetlen hétvégét Münchenben!<br>\r\n\r\nHa az év során valamelyik jelentős szakmai kiállításra vagy vásárra menne,\r\nakkor is szívesen segítünk, kérje erre vonatkozó ajánlatunkat!</p>\r\n\r\n<span id="pastemarkerend">&nbsp;</span>', 'München', '', '', NULL, '0000-00-00 00:00:00', '2012-10-19 14:35:27', '<p><span style="Times New Roman&quot;;Times New Roman&quot;;\r\ncolor:#343434;">A város mottója: „Die Weltstadt mit Herz”, Világváros, melynek szíve\r\nvan. Valóban, München azon kevés város egyike, mely egyetlen látogatás során\r\nbelopja magát az utazó szívébe. Ha már járt itt, biztosan szeretne visszatérni;\r\nha még nem járt itt, gyorsan foglalja le az utazását! Itt biztosan életre szóló\r\nélményeket fog szerezni!<span id="pastemarkerend">&nbsp;</span></span></p>\r\n', NULL, 5, NULL, 0, NULL, 1, NULL, NULL, NULL, '<p><span style="Times New Roman&quot;;Times New Roman&quot;;\r\ncolor:#343434;">Bajor kastélyok: Neuschwanstein, Linderhof, Hohenschwangau mind II.\r\nLajos nevéhez kötődő mesebeli, de mégis valóságos kastélyok.<br>\r\n\r\n- Chiemsee: a tó és a szigetek szépsége elbűvölő<br>\r\n\r\n- Legoland: egy hatalmas vidámpark, ahol minden legoból „készült”: a\r\nhullámvasutak és különböző játékok, a híres német épületek miniatűrjei, a\r\nlego-állatkerti állatok, stb. <span id="pastemarkerend">&nbsp;</span><br>\r\n\r\n</span></p>\r\n', 'Kirándulástippek', NULL, NULL, NULL, NULL, '1-1-1-1-1-1-1-1', '', '', '<p>\r\n</p>\r\n<p style="color:#343434">Közvetlen járatot a\r\nLufthansa üzemeltet Budapestről.<br>\r\n\r\n- Németország második legnagyobb repülőtere a központtól 28 km-re található. A\r\nleggyorsabban az S-Bahnnal lehet a központba jutni. Az út kb. 40 percig tart.<br>\r\n\r\n- Kitűnő a tömegközlekedés. Érdemes napijegyet váltani (kb. 5 EUR), ami 24 órán\r\nát korlátlan utazást biztosít.</p>\r\n\r\n<span id="pastemarkerend">&nbsp;</span>', 0, ''),
(38, '<p>\r\n</p>\r\n<p style="color:#343434">New York az Amerikai\r\nEgyesült Államok legnépesebb városa. Nem egy tipikus város, hiszen több\r\nfélszigetből és szigetből is áll. Csak Manhattanben annyi ember él, mint\r\nBudapesten.</p>\r\n<strong>A látnivalók, amiket nem szabad\r\nkihagynod, ha New York-ban jársz</strong>:\r\n<p style="color:#343434">- Szabadságszobor:\r\nbevándorlók millióit köszöntötte, amikor hajójuk megérkezett az öbölbe, a város\r\njelképe<br>\r\n\r\n- New York Stock Exchange: a világ vezető tőzsdéje<br>\r\n\r\n- Times Square: a világ kereszteződéseként emlegetik, mert az egyik\r\nlegforgalmasabb a világon<br>\r\n\r\n- egyetemváros: Columbia Egyetem, New York Egyetem, Rockefeller Egyetem<br>\r\n\r\n- Central Park: a leglátogatottabb park az USA-ban. Itt található a Central\r\nPark állatkert is.<br>\r\n\r\n- Természettudományi Múzeum: a világ legnagyobb történeti múzeuma, 36 millió\r\nkiállítási tárggyal rendelkezik: az 563 karátos indiai zafírtól kezdve a\r\nlenyűgöző dinoszaurusz-csontvázakig.<br>\r\n\r\n- Guggenheim Múzeum: kortárs művészek alkotásai és több mint 20 Picasso-kép\r\ncsodálható meg itt.<br>\r\n\r\n- Rockefeller Center: itt találjuk decemberben a város gigantikus fenyőfáját,\r\namit már jól ismerünk a filmekből is.<br>\r\n\r\n- Empire State Building: a King Kong tette világhíressé ezt a felhőkarcolót.<br>\r\n\r\n- Wall Street: a világ pénzügyi központja, a felhőkarcolók dzsungele, ahol\r\nmindenki rohan.<br>\r\n\r\n- a magas épületek sűrűjében a World Trade Center ikertornyainak emlékhelye<br>\r\n\r\n- Ellis Island, Union Square, Brooklyn-híd, kínai negyed és még sorolhatnánk!</p>\r\n\r\n<span id="pastemarkerend">&nbsp;</span>', 'New York', '', '', NULL, '0000-00-00 00:00:00', '2012-10-19 14:35:27', '<p><span style="Times New Roman&quot;;Times New Roman&quot;;\r\ncolor:#343434;">A város, amit szinte mindenki ismer képeslapokról vagy a filmekről. New\r\nYork, a pezsgő város, ahol soha nem áll meg az élet: a Times Square-en éjjel többen vannak, mint nappal. New\r\nYorkban a világ legkülönfélébb nemzetiségei élnek egymás mellett, itt akár egy\r\nvilágsztárral is találkozhat, mert itt semmi sem lehetetlen!<br>\r\n\r\n<span id="pastemarkerend">&nbsp;</span><br>\r\n\r\n</span></p>\r\n', NULL, 1, NULL, 0, NULL, 1, NULL, NULL, NULL, '', 'Kirándulástippek', NULL, NULL, NULL, NULL, '1-1-1-1-1-1-1-1-1', '', '', '<p>\r\n</p>\r\n<p style="color:#343434">Közlekedés New\r\nYorkban<span style="\r\ncolor:#343434">:<br>\r\n\r\nAutót bérelni teljesen felesleges, egyrészt mert gyakoriak a dugók, másrészt,\r\nmert Manhattanben szinte képtelenség parkolni. A legolcsóbb megoldás a busz, a\r\nleghatékonyabb közlekedési eszköz a metró. Ezen kívül a híres sárga taxik is\r\nbármikor bárhova elviszik, csak figyeljen rá, hogy ne verjék át! (jellemzően\r\ncsak az amerikai filmekben van mindenkinek pont annyi pénz a zsebében, amennyi\r\na fuvardíj.)</span></p>\r\n\r\n<span id="pastemarkerend">&nbsp;</span>', 0, ''),
(39, '<p>\r\n</p>\r\n<p style="\r\ncolor:#343434">Az Eiffel-torony, a Diadalív, a Notre Dame és a Louvre\r\nmindenkinek rögtön a szeme előtt van, ha elképzeli a várost. Ha odautazik,\r\nakkor a leghíresebb nevezetességek mellett mindenképpen szánjon időt a latin-\r\nvagy a művész-negyed megismerésére, egy sétára a Szajna-parton vagy a rajta átívelő\r\n31 hídon át, egy kis falatozásra az eredeti baguettet kínáló pékségekbe vagy az\r\nínycsiklandozó kirakattal rendelkező csokoládézókba. Esténként a kivilágított\r\népületeket csodálhatja meg, vagy felfedezheti a Moulin Rouge és a revük\r\nvilágát.</p>\r\n\r\n<span style="Times New Roman&quot;;Times New Roman&quot;;color:#343434;"><span id="pastemarkerend"></span><br>\r\n\r\n</span>', 'Párizs', '', '', NULL, '0000-00-00 00:00:00', '2012-10-19 14:35:27', '<p><span style="Times New Roman&quot;;Times New Roman&quot;;\r\ncolor:#343434;">Ki ne ismerné a szerelmesek és a divat fővárosát, Párizst? Számtalan\r\nfilm és könyv helyszíne Párizs; történelmi, kulturális és művészeti értékek\r\nrengetege várja a látogatót. <span id="pastemarkerend">&nbsp;</span></span></p>\r\n', NULL, 2, NULL, 0, NULL, 1, NULL, NULL, NULL, '<p><span style="Times New Roman&quot;;Times New Roman&quot;;color:#343434;">Ha Párizs nem lenne elég,\r\nakkor a közeli Disneylandbe vagy Versailles-ba is ellátogathat. Ha még több\r\nidőd van, akkor párizsi utazásodat összekötheted a Loire-menti kastélyok,\r\nNormandia vagy Bretagne felfedezésével.<br>\r\n\r\n<br>\r\n\r\n&nbsp;\r\n<span id="pastemarkerend"><span id="pastemarkerend">&nbsp;</span><br>\r\n\r\n</span></span></p>\r\n', 'Kirándulástippek', NULL, NULL, NULL, NULL, '1-1-1-1-1-1-1-1-1-1', '', '', '<p><span style="Times New Roman&quot;;Times New Roman&quot;;color:#343434;">A fapados és a menetrendszerinti járatokkal könnyen elérhető\r\na város, foglalj mielőbb!<span id="pastemarkerend">&nbsp;</span></span></p>\r\n', 0, ''),
(40, '<p>\r\n</p>\r\n<p style="color:#343434">A egyik kedvenc\r\n„7Mérföldes” várost illetően nem az a kérdés, hogy ellátogassunk e ide, hanem,\r\nhogy mikor térhetünk megint vissza. Miért vonzz annyi látogatót a város?</p>\r\n\r\n<p style="\r\ncolor:#343434">- mert a városban sétálni olyan, mint átélni a történelmet:\r\namikor a Forum Romanum romjai között elnézünk a Colosseum felé, szinte várjuk,\r\nhogy tógába bújt alakok bukkannak elő; amikor a Victor Emmanuel emlékműnél vagy\r\na Diadalívnél állunk minden erőlködés nélkül magunk elé tudjuk képzelni, hogyan\r\nvonulhattak be a győztes csapatok a városba; a klasszikus stílusú házak adnak\r\notthont a legújabb divatházaknak, így nem lepődünk meg, ha korabeli öltözetű\r\nelegáns hölgyek jelennek meg előttünk a termekben és belső udvarokban.</p>\r\n\r\n<span style="Times New Roman&quot;;Times New Roman&quot;;color:#343434;">- mert a katolicizmus\r\nközpontja, és Európában különösen nagy szerep jutott a vallásnak az emberek és\r\nnemzetek sorsának alakulásában. A Szt. Péter Bazilika építészetileg is\r\nrendkívül jelentős, de emellett megszámlálhatatlanul sok különös és megkapó\r\nhangulatú templomra lelhetünk a kanyargós kis utcákban.<br>\r\n\r\n- mert olyan romantikus a Tevere partján a naplementében gyönyörködni, az egyik\r\nszökőkútnál vagy a Spanyol lépcsőn összebújni, a Bazilika kupolájából kézen fogva\r\nmegcsodálni a kilátást vagy a Borghese parkban fagyizni.<br>\r\n\r\n- mert a kultúra „szülőhelye” Itália: a Vatikáni múzeum kincsei, a Sixtusi\r\nkápolna mennyezete, az utcákon mindenütt fellelhető csodálatos építészeti és\r\nszobrászati alkotások lenyűgözőek.<br>\r\n\r\n- mert igazi krimi hősnek vagy kalandornak képzelhetjük magunkat, ha a nemrég\r\nnépszerűvé vált Brown-könyvek (Da Vinci kód, Angyalok és démonok) nyomába\r\nindulunk. Ha nem a könyv vezérel minket, akkor is érdemes egy meghökkentő\r\nlátogatást tennünk a Bazilika és az Angyalvár közti föld alatti járatokhoz.<br>\r\n\r\n- mert ha a sok élmény közt egy kis felfrissülésre vágyunk, csak választanunk\r\nkell: az igazi paradicsomból készített szósszal és friss bazsalikommal\r\ndíszített pizza gőzölgő illata, a tejszínes cappucino, a gyönyörűen rétegezett\r\nmacchiato, egy fagylaltköltemény vagy egy szelet tiramisu látványa csábít el\r\nminket a hangulatos, teraszos trattoriákban?<br>\r\n\r\n- mert ha újra erőre kaptunk, a legjobb és legváltozatosabb üzletekben\r\nszerezhetünk be magunknak vagy szeretteinknek egy kis meglepetést.<br>\r\n\r\nSzükséges még valami, hogy elinduljon? Lehet, sőt biztos, hogy a felsorolás\r\nhiányos, hiszen a teljességhez egy lexikon is kevés lenne, és kell egy kis\r\nmeglepetés, valami, amit mindenki saját maga fedez fel és ami neki a legvonzóbb\r\nRómában.<span id="pastemarkerend">&nbsp;</span></span>', 'Róma', '', '', NULL, '0000-00-00 00:00:00', '2012-10-19 14:35:27', '<p><span style="Times New Roman&quot;;Times New Roman&quot;;\r\ncolor:#343434;">A szólás szerint minden út Rómába vezet. A Te következő utad is?<br>\r\n</span><span style="Times New Roman&quot;;Times New Roman&quot;;\r\ncolor:#343434;">\r\n<span id="pastemarkerend"></span></span><br>\r\n<span style="Times New Roman&quot;;Times New Roman&quot;;\r\ncolor:#343434;">\r\n</span></p>\r\n', NULL, 1, NULL, 1, NULL, 1, NULL, NULL, NULL, '<p>\r\n</p>\r\n<p style="color:#343434">A város annyi\r\nlátnivalót kínál, hogy be se tudunk telni vele. Ha sok időnk van, akkor\r\nszívesen ajánljuk Nápolyt és környékét, egy kirándulást a Vezúvra vagy\r\nPompei-be. Ha még több ideje van, béreljen autót és látogasson ki a\r\ntengerpartra vagy fedezze el a toszkán dombság lankái közti bájos\r\ntelepüléseket.</p>\r\n\r\n<span id="pastemarkerend">&nbsp;</span>', 'Kirándulástippek', NULL, NULL, NULL, NULL, '1-1-1-1-1-1-1-1-1-1-1', '', '', '<p><span style="Times New Roman&quot;;Times New Roman&quot;;\r\ncolor:#343434;">-  A városnak két repülőtere van: a budapesti közvetlen\r\njáratok a Fiumicinora érkeznek, ahonnan vonattal vagy busszal juthatunk be a\r\nTermini pályaudvarra. Foglalhatjuk az Alitalia és a Wizzair (fapados) járatait.<br>\r\n\r\n-  A várost érdemes gyalogosan felfedezni, a tömegközlekedési\r\neszközök közül leginkább a metrót ajánljuk. Könnyen használható ingyenes\r\nvárostérképet az idegenforgalmi hivataloktól kaphatunk több helyen is a\r\nvárosban, a legjelentősebb látnivalók közelében.<br>\r\n\r\n-  El ne felejtsen aprót dobni a Trevi-kútba, hogy\r\nvisszatérhessen!<br>\r\n\r\n<span id="pastemarkerend">&nbsp;</span><br>\r\n\r\n</span></p>\r\n', 0, ''),
(41, '<p>\r\n</p>\r\n<p style="\r\ncolor:#343434">A 750 éves kulturálisan és történelmileg is gazdag városban\r\nvilághírű múzeumokkal és nevezetességekkel találkozhatunk. A látványosságok\r\ntöbbsége gyalogosan is megközelíthető, de érdemes egyszer hajóra szállnunk,\r\nhogy a vízről is megcsodálhassuk a várost, Érdemes ellátogatni a Városházára,\r\nahol a Nobel-díjakat adják át és felmászni a toronyba is, hogy a panorámában\r\ngyönyörködhessünk. A Gamla San az egyik legszebben fennmaradt középkori\r\nvárosközpont: a kanyargós, kis utcákon sétálva kézművesekkel, művészeti\r\ngalériákkal és kávézókkal találkozhatunk. Ebben a városrészben található a 600\r\nszobás, előkelő Királyi Palota (aminek része a korabeli fegyverzetet és katonai\r\nöltözetet bemutató kiállítás) és a Stockholmi Katedrális is.</p>\r\n\r\n<p style="color:#343434">Érdemes ellátogatni a\r\ntöbb, mint 100 múzeum egyikébe is. Kiemelnénk a Vasa múzeumot, ahol egy XVII.\r\nszázadi hajót láthatunk; a skanzent, a Tudomány és Technika múzeumát, ahol\r\nérdekes interaktív kiállítással és kísérletekkel várják a kicsiket és nagyokat\r\nis. A művészetek és a design kedvelői is biztosan megtalálják az érdeklődési\r\nkörüknek megfelelő kiállítást és üzletet.<br>\r\n\r\nA sok nézelődésben megfáradva üljünk le a fedett piacon beszerzett skandináv\r\nédességet vagy bort kóstolgatni; vagy látogassunk el az Absolut Jégbárba, ahol\r\njégpohárból ihatjuk meg kedvenc vodkaalapú koktélunkat.</p>\r\n\r\n<span id="pastemarkerend">&nbsp;</span>', 'Stockholm', '', '', NULL, '0000-00-00 00:00:00', '2012-10-19 14:35:27', '<span style="Times New Roman&quot;;Times New Roman&quot;;\r\ncolor:#343434;">Az egyik legszebb főváros, 14 szigeten fekszik, amit 57 híd kapcsol\r\nössze. Gyönyörű épületek, kertek, friss levegő és a víz közelsége biztosítja a\r\nváros megunhatatlan hangulatát.<span id="pastemarkerend">&nbsp;</span></span>', NULL, 1, NULL, 1, NULL, 1, NULL, NULL, NULL, '<p>\r\n</p>\r\n<p style="color:#343434">Ha időnk engedi, a\r\nkövetkező helyek valamelyikét is keressük fel a környéken:<br>\r\n\r\n  * Birka viking városa<br>\r\n\r\n  * Gripsholm kastély: 450 éves vár, jelenleg a Nemzeti\r\nPortrékiállításnak ad helyet<br>\r\n\r\n  * Skokloster: a legnagyobb magánkézben levő barokk palota<br>\r\n\r\n  * Drottningholm Palota: a 3 svédországi Világörökségi\r\nhelyszín egyike, a XVI. században működött királyi palotaként, gyönyörű kertje\r\nis vonzza a látogatókat.<br>\r\n\r\n  * Stockholm egy 30 000 tagból álló szigetvilág központja,\r\nígy érdemes egy fél- vagy egész napos hajókirándulást tennünk a környéken, pl.\r\na legközelebbi szigetre Fjaderholmarnára.</p>\r\n\r\n<span id="pastemarkerend">&nbsp;</span>', 'Kirándulástippek', NULL, NULL, NULL, NULL, '1-1-1-1-1-1-1-1-1-1-1-1', '', '', '<p>\r\n</p>\r\n<p style="color:#343434">Budapestről a\r\nNorwegien fapados légitársaság üzemeltet közvetlen járatot.<br>\r\n\r\n  * A repülőtérről leggyorsabban a központba az Arlanda\r\nexpresszel, a szállodánkhoz a repülőtéri busszal juthatunk.<br>\r\n\r\n  * A Stockholm-kártyával 75 múzeumba léphetünk be ingyenesen,\r\ndíjmentes a tömegközlekedés és bizonyos kompjáratok; szezontól függően\r\npanorámás buszos városnézésen vagy hajókiránduláson is részt vehetünk.</p>\r\n\r\n<span id="pastemarkerend">&nbsp;</span>', 0, ''),
(42, '<p>\r\n</p>\r\n<p style="color:#343434">A család férfitagjai biztosan\r\nkedvüket lelik a Porsche vagy a Mercedes-Benz múzeum meglátogatásában.\r\nMindkettőben megtekinthető a legelsőtől a legújabb modellekig minden autótípus,\r\ninteraktív módon ismerkedhetünk a technika fejlődésével, és néhány autóba bele\r\nis ülhetünk.</p>\r\n\r\n<p style="color:#343434">A hölgyek\r\nvalószínűleg a Wilhelma állat- és növénykertben sétálnak szívesen. A botanikus\r\nkertben 5000 féle növényfajta figyelhető meg, számtalan orchidea, azálea és\r\nmagnólia. Virágzáskor szinte az egész környéket áthatja a finom illat.<br>\r\n\r\nAz egész család kirándulhat a közeli szőlőtermelő vidékeken, sétálhat a\r\nbelvárosban, felfedezheti a paloták egyikét, a piacon a helyi specialitásokat\r\nkóstolgathatja. Ha pedig még nem fáradtunk el, akkor másszunk fel a tv-torony\r\ntetejébe! A pazar kilátásért megéri! Tiszta időben akár az Alpokig is ellátni.<br>\r\n\r\nReméljük kedvet kaptak és ellátogatnak ebbe a különleges városba! Ha bármilyen\r\nkérdésük van, forduljanak hozzánk bizalommal!</p>\r\n\r\n<span id="pastemarkerend">&nbsp;</span>', 'Stuttgart', '', '', NULL, '0000-00-00 00:00:00', '2012-10-19 14:35:27', '<p><span style="Times New Roman&quot;;Times New Roman&quot;;\r\ncolor:#343434;">Stuttgart nem annyira ismert és divatos az utazók körében, pedig\r\nszámtalan érdekes látnivalóval szolgál. Szívesen ajánljuk többek közt gyermekes\r\ncsaládok számára. A közeli Europapark különböző fokozatú hullámvasútjai és\r\njátékai az egész családnak kellemes kikapcsolódást kínálnak. Kicsik és nagyok,\r\nfélénkek és bevállalósak is megtalálják a kedvükre való szórakozást.<span id="pastemarkerend">&nbsp;</span></span></p>\r\n', NULL, 5, NULL, 0, NULL, 1, NULL, NULL, NULL, '\r\n<ul>\r\n	<li><span style="Times New Roman&quot;;Times New Roman&quot;;\r\ncolor:#343434;">tegyünk egy hajókirándulást Heilbronnba</span></li>\r\n	<li><span style="Times New Roman&quot;;Times New Roman&quot;;\r\ncolor:#343434;">pattanjunk biciklire és kiránduljunk a dimbes-dombos környéken<span id="pastemarkerend">&nbsp;</span></span></li></ul>\r\n', 'Kirándulástippek', NULL, NULL, NULL, NULL, '1-1-1-1-1-1-1-1-1-1-1-1-1', '', '', '<p><span style="Times New Roman&quot;;Times New Roman&quot;;\r\ncolor:#343434;">közvetlen járatot a Germanwings üzemeltet Budapestről.<br>\r\n\r\n- a repülőtérről vonattal vagy busszal érdemes a városba jutni<br>\r\n\r\n- a tömegközlekedés nagyon jól kiépített, de a belvárosi látnivalókat\r\ngyalogosan is könnyen felfedezhetjük. Ha a környéken is kirándulnánk, akkor\r\ninkább az autóbérlést javasoljuk.<span id="pastemarkerend">&nbsp;</span></span></p>\r\n', 0, ''),
(43, '<p>Ha úgy szeretnél a Bahamákon nyaralni, hogy közben nem szeretnél egy \r\nvagyont elkölteni, akkor ezt a barátságos, vidám szállást tudnánk \r\najánlani. A repülőtértől csak pár percnyire, a gyönyörű strandok \r\nközelében fekvő szálloda 18 kis, színes faházból áll. Könnyű eljutni \r\ninnen Nassau belvárosába vagy a többi tengerpartra, miközben teljes \r\nnyugalomban pihenhetsz a hotel területén.<br>\r\n\r\nSzobái hasonló színekkel, egyszerűen berendezettek, de \r\nlégkondicionáltak, kis konyhasarokkal (hűtő, kávéfőző, mikro, pirító), \r\nsíkképernyős tv-vel, DVD/CD-lejátszóval, széffel, hajszárítóval és egy \r\nkis terasszal is felszereltek.<br>\r\n\r\nSzolgáltatásai: étterem, két bár, medence, wifi, parkoló, kirándulás-szervezés, spa<span id="pastemarkerend">&nbsp;</span></p>\r\n', 'Compass Point Beach Resort', '', '', NULL, '0000-00-00 00:00:00', '2012-10-19 14:35:27', '', NULL, 6, NULL, 1, NULL, 3, NULL, NULL, NULL, NULL, NULL, 3, NULL, NULL, '', '1-1-1-1-1-1-1-1-1-1-1-1-1-1', '', '', '', 0, ''),
(44, '<p>Romantikus pihenést biztosít a szálloda egy privát félszigeten. A közeli\r\n Somersetben üzletek, kompkikötő, posta is van, a kirándulók az \r\nellenkező irányban egy természetvédelmi területen bóklászhatnak. A 30 \r\nhektáron európai wellness-központ, spa, teniszpálya, golfpálya, éttermek\r\n és négy privát strand biztosítja a tökéletes kikapcsolódást. A \r\nfaházstílusú hotel az egyik legrégibb szállás a szigeten. Egyes partokon\r\n sekély, lassan mélyülő, másutt mély, sötétkék óceán várja a fürödni \r\nvagy búvárkodni vágyókat.94 faháza mindegyik kicsit másképp berendezett,\r\n nem számozottak, hanem mindegyiknek saját neve van. A szobák egy része a\r\n kertre, másik része az óceánra néz. A lakosztályokban a hálószoba \r\nmellett egy nappali is található.<span id="pastemarkerend">&nbsp;</span></p>\r\n\r\n<p>Szolgáltatásai: három teniszpálya, gyakorló golfpálya, kert, spa, \r\nkirándulásszervezés, motor- és biciklikölcsönzés, lovaglás, medence, \r\nhajókirándulások, vizisportok, fitneszterem, horgásztúrák, snorkeling- \r\nés búvárprogramok, két étterem, kávézó, bárok.<span id="pastemarkerend">&nbsp;</span><br>\r\n\r\n<span id="pastemarkerend"></span></p>\r\n', 'Cambridge Beaches', '', '', NULL, '0000-00-00 00:00:00', '2012-10-19 14:35:27', '', NULL, 6, NULL, 1, NULL, 3, NULL, NULL, NULL, NULL, NULL, 3, NULL, NULL, '', '1-1-1-1-1-1-1-1-1-1-1-1-1-1-1', '', '', '', 0, ''),
(45, '<p>A 88-szobás, elegáns szálloda számtalan szolgáltatással várja vendégeit.\r\n Medencék, spa, fitneszterem, búvárközpont, kulináris élvezetek, \r\ngolfpálya és Bermuda egyik legnagyobb privát strandja várja a \r\nvendégeket. Szobái klasszikus, brit stílusban berendezettek, elegáns \r\nbútorokkal, márvány fürdőszobával, gardróbbal, és egy tágas balkonnal \r\nrendelkeznek. A szobákból nem hiányozhat a síkképernyős tv, telefon, \r\nMP3- és iPod-dokkoló, egyiptomi ágynemű, fürdőköpeny, papucs, vasaló, \r\nszéf és minibár sem.<span id="pastemarkerend">&nbsp;</span></p>\r\n\r\n<p>Négy medence, gyerekprogramok, kiránduló-útvonalak, biciklikölcsönzés és\r\n wifi is rendelkezésre áll. A Tucker’s Point golfklub 18-lyukú pályája \r\ntörténelmi múltja, fekvése és magas színvonala miatt is kiemelkedő. A \r\nhosszú és a rövid ütéseket is remekül lehet gyakorolni, felszerelés \r\nbérlésében és a legjobb golfsport márkák vásárlásában is segítenek.<br>\r\n\r\nA klímának és az első osztályú pályáknak köszönhetően a tenisz is igen \r\nnépszerű. Csoportos és privát oktatásra, felszerelés bérlésére és \r\nvásárlására is lehetőség nyílik. A golf- és teniszpályákon a megfelelő \r\nruházat viselése kötelező. A gyerekek a nyári „tábor” programjához \r\nkapcsolódóan tenisz-, golf- és úszóleckéket vehetnek. A felnőtt- és a \r\ngyerekmedence mellett, valamint a tengerparton is napozóágyak és \r\nnapernyők is várják a vendégeket.<span id="pastemarkerend">&nbsp;</span></p>\r\n\r\n<p>A kulináris élvezetekről egy olasz séf és világszínvonalú csapata \r\ngondoskodik. Az ételekhez illő borokat a 3000 palackot őrző borbár \r\nbiztosítja. Egyes időszakokban a séf munkáját is meg lehet „lesni”.<span id="pastemarkerend">&nbsp;</span><br>\r\n\r\n<span id="pastemarkerend"></span></p>\r\n', 'Rosewood Tucker''s Point', '', '', NULL, '0000-00-00 00:00:00', '2012-10-19 14:35:27', '', NULL, 6, NULL, 0, NULL, 3, NULL, NULL, NULL, NULL, NULL, 4, NULL, NULL, '', '1-1-1-1-1-1-1-1-1-1-1-1-1-1-1-1', '', '', '', 0, '');
INSERT INTO `trips` (`id`, `description`, `name`, `price`, `travel_date`, `image_file`, `updated`, `created`, `short_description`, `travel_price_includes`, `country_id`, `circle_image_file`, `hajozz`, `region_id`, `category_id`, `accommodation`, `travel_method`, `minimal_persons`, `extra`, `extra_title`, `star_rating`, `day`, `special`, `service`, `slug`, `keywords`, `title`, `important_information`, `continent_id`, `map_image_file`) VALUES
(46, '<p>A rózsaszín homokos, privát strandon épült szálloda több felmérés \r\nszerint is a legjobb hotel a Bermudákon. Különösen kedvelt helye a \r\nromantikára vágyóknak, a nászutasoknak és gyakran esküvők helyszíne is. \r\nHárom éttermében különleges kreációkat kóstolhatsz, a grillétteremtől a \r\ntengerparti romantikus két fős asztalokig mindenki megtalálja a \r\nszámítását. Naponta tradicionális, brit ötórai teázást tartanak. (Az \r\néttermekben a megfelelő öltözet viselése elvárt: galléros ing, hosszú \r\nnadrág vagy elegáns szoknya. Farmer, póló, papucs kizárva.)<span id="pastemarkerend">&nbsp;</span></p>\r\n\r\n<p>A spa területéről az óceánra nyílik a panoráma, és ha ez nem lenne elég,\r\n különböző frissítő és szépségkezelésekkel várnak mindenkit. Minden \r\nszobájából pazar kilátás nyílik. Bermudai stílusú, minden kényelemmel \r\nfelszerelt szobái mellett, két- ill. háromszobás apartmanokkal is várják\r\n a vendégeket.<br>\r\n\r\nTovábbi szolgáltatásai: medence, pezsgőfürdő, snorkeling, kajak \r\n(díjtalan), két teniszpálya (ingyenes felszereléssel), fitneszterem, \r\nbicikli- és motorkölcsönzés, kirándulás-szervezés, wifi. A közelben \r\nvizisportok, lovaglás, krikett, golf.<span id="pastemarkerend">&nbsp;</span><br>\r\n\r\n<span id="pastemarkerend"></span></p>\r\n', 'The Reefs Hotel & Club', '', '', NULL, '0000-00-00 00:00:00', '2012-10-19 14:35:27', '', NULL, 6, NULL, 0, NULL, 3, NULL, NULL, NULL, NULL, NULL, 5, NULL, NULL, '', '1-1-1-1-1-1-1-1-1-1-1-1-1-1-1-1-1', '', '', '', 0, ''),
(47, '<p>Az elegáns szálloda Sanur stratégiai központjában található, 25 percre a\r\n repülőtértől. A szálloda előtti strandszakasz széles és mentes a \r\nkoralloktól, így kisgyerekesek is nyugodtan tudnak pihenni. A vizisport \r\nszerelmeseit a partszakasz nyugati partján motorcsónak és jet-ski várja,\r\n míg a keleti parton vitorlás és szörf. A szálloda 1974 óta áll itt, \r\nazóta alakult ki a csodálatos természeti környezete, az árnyat adó magas\r\n fákkal és a kókuszpálmák sorával.<br>\r\n\r\nSzobái tágasak, kényelmesek, elsősorban természetes és barátságos \r\nszínekkel berendezettek. A különböző szobatípusok csak méretükben térnek\r\n el. Mindegyik légkondicionált, kávé- és teafőzési lehetőséggel, \r\nminibárral, széffel, telefonnal, tv-vel berendezettek<span id="pastemarkerend">.</span></p>\r\n\r\n<p><br>\r\n\r\nSzolgáltatásai: spa, fitneszterem, 2 medence, gyermekmedence, játszótér,\r\n futópálya, 2 teniszpálya, strand röplabda, biciklitúrák, business \r\ncenter, konferenciaközpont, szépségszalon<br>\r\n\r\nÉttermei: szabadtéri, partközeli étterme olasz és mediterrán ízekkel \r\nkedveskedik, a medenceparti étteremben indonéz különlegességekkel \r\nismerkedhetünk, a grillbárban pedig dél-amerikai finomságok illatoznak.<span id="pastemarkerend">&nbsp;</span></p>\r\n', 'Sanur Beach Hotel', '', '', NULL, '0000-00-00 00:00:00', '2012-10-19 14:35:27', '', NULL, 18, NULL, 0, NULL, 3, NULL, NULL, NULL, NULL, NULL, 4, NULL, NULL, '', '1-1-1-1-1-1-1-1-1-1-1-1-1-1-1-1-1-1', '', '', '', 0, ''),
(48, '<p>Nusa Dua exkluzív tengerpartján, a tradicionális balinéz vendégszeretet \r\nés a modern elegancia tökéletes egyvelegét nyújtja a szálloda. A balinéz\r\n stílusú épület 187 szobája dekorációs stílusa egyedülálló.<br>\r\n\r\n<br>\r\n\r\nSzobák: delux szobái tágasak (42 m2), erkélyesek, légkondicionáltak, \r\ncsodálatos kádas és zuhanyzós fürdőszobával, minibárral, tv-vel, \r\nszéffel, kávé- és teafőzési lehetőséggel, internet-kapcsolattal \r\nrendelkeznek. Egy részük a trópusi kertre, másik részük a tengerre néz. \r\nNászutas lakosztály a hotel tetején a legmagasabb ponton található, \r\nahonnan az Indiai-óceánra nyílik pazar kilátás. A lakosztályhoz saját \r\nterasz, privát pezsgőfürdő és napozó tartozik.<br>\r\n\r\n<br>\r\n\r\nSzolgáltatásai: a különleges hangulatú spaban a balinéz és polinéz \r\nmasszázsok, szépségkezelések gazdag kínálatával találkozunk, hatalmas \r\nmedence, változatos vizisport-lehetőségek, nappali és esti \r\nszórakoztatóprogramok, billiárd, asztalitenisz, fitneszterem, \r\ngyerekklub, búvárközpont.<span id="pastemarkerend">&nbsp;</span></p>\r\n\r\n<p>Éttermei: A szálloda hat éttermének egyikében biztosan megtalálja a \r\nkedvére valót. Sokkal valószínűbb, hogy a széles választék nehezíti a \r\ndöntést. A nemzetközi, ázsiai és különleges indonéz finomságok mellett \r\nigazi olasz ízek várják, és nemcsak az ízvilágot illetően kell \r\ndöntenünk, hanem a helyszínről is: vacsorázhatunk a naplementében a \r\nhomokos tengerparton, romantikázva a trópusi kert közepén, bulizás előtt\r\n a félig szabadtéri étteremben vagy családunk különböző igényeinek \r\nmegfelelően a főétteremben.<span id="pastemarkerend">&nbsp;</span><br>\r\n\r\n<span id="pastemarkerend"></span></p>\r\n', 'Aston Bali Resort and Spa', '', '', NULL, '0000-00-00 00:00:00', '2012-10-19 14:35:27', '', NULL, 18, NULL, 0, NULL, 3, NULL, NULL, NULL, NULL, NULL, 4, NULL, NULL, '', '1-1-1-1-1-1-1-1-1-1-1-1-1-1-1-1-1-1-1', '', '', '', 0, ''),
(49, '<p>Ez a szálloda volt Indonézia első all inclusive hotele. A balinéz stílus\r\n és a modern építészeti megoldások ötvöződnek a 3,5 hektáron, \r\nközvetlenül a tengerparton épült szállodában.<br>\r\n\r\nSzobái: 98 tágas szobája 3 emeleten található, ebből 66 delux szoba, 20\r\n romantikus és 12 lakosztály. Mindegyik szobához márvány fürdőszoba, \r\nerkély vagy terasz, légkondicionáló, tv, hűtő, kávé- és teafőzési \r\nlehetőség, hajszárító, telefon és széf tartozik. A delux szobák a \r\nkertre, a romantikus szobák a medencére vagy a tengerre néznek.<span id="pastemarkerend">&nbsp;</span></p>\r\n\r\n<p>Szolgáltatásai: medence, vizisportok, billiárd, táblajátékok, darts, \r\nkönyvtár, gyerekklub. Éttermei: három étterem svédasztalán kóstolhatjuk \r\nvégig a nemzetközi és a kínai konyha remekeit.<br>\r\n\r\nAll inclusive: tartalmazza a korlátlan ételfogyasztást (reggeli, ebéd, \r\nvacsora, napközben snackek), az alkoholmentes, valamint az indonéz \r\nalkoholos italok és koktélok fogyasztását, a napi sport- és \r\nszórakoztatóprogramokon való részvételt, az esti műsorokon való \r\nrészvételt, a nem motorizált sporteszközök (kajak, szörf, stb.) \r\nhasználatát.<span id="pastemarkerend">&nbsp;</span><br>\r\n\r\n<span id="pastemarkerend"></span></p>\r\n', 'Club Bali Mirage', '', '', NULL, '0000-00-00 00:00:00', '2012-10-19 14:35:27', '', NULL, 18, NULL, 0, NULL, 3, NULL, NULL, NULL, NULL, NULL, 3, NULL, NULL, '', '1-1-1-1-1-1-1-1-1-1-1-1-1-1-1-1-1-1-1-1', '', '', '', 0, ''),
(50, '<p>A sziget legkiválóbb szállodája, a luxus, az elegancia és a legmagasabb \r\nszínvonalú kiszolgálás megtestesítője. Bali egyik legszebb \r\npartszakaszán, egy híres golfpálya közelében, egy trópusi paradicsomban \r\ntalálható a hotel.<br>\r\n\r\nSzobái jellegzetes balinéz stílusúak, minden kényelemmel felszereltek. \r\nLagúna szobáinak a teraszáról egyenesen a kristálytiszta vízbe lehet \r\nbelelépni. Az ágymatracokat és ágyneműket a Laguna Resort számára \r\ntervezték, hogy Ön a legkényelmesebben pihenhessen és a legjobb minőségű\r\n anyagok vegyék körül. Minden szobában plazma tv, DVD-lejátszó, \r\nszélessávú internet, márványfürdőszoba, sarokkád várja. Az erkélyről a \r\ntrópusi kertre vagy a lagúnákra nyílik kilátás. 24 órás inasszolgálat és\r\n a személyes odafigyelés miatt úgy fogod érezni magad, mintha Te lennél a\r\n szálloda egyetlen vendége.<span id="pastemarkerend">&nbsp;</span></p>\r\n\r\n<p>Szolgáltatásai: a Laguna Spaban a wellness- és szépségkezelések széles \r\nválasztéka, személyes odafigyelés és privát kezelések várják. Ezen kívül\r\n fitneszterem, teniszpálya, vizisportlehetőségek és 5000 m2 lagúna áll \r\nrendelkezésre.<br>\r\n\r\n<br>\r\n\r\nÉttermei: három étterem vagy egy festői privát tengerparti étkezés \r\nközött választhat. A Laguna Caféban látványkonyha, pékség és külön \r\ngyümölcslé- és kávésarok várja. A modern indonéz étteremből gyönyörű a \r\nkilátás a lagúnákra. Az Ocean Terrace étterem a parton kínálja a tenger \r\ngyümölcseit, valamint a Michelin csillagos éttermekben gyakorlatot \r\nszerzett séf is igazi különlegességekkel várja.<span id="pastemarkerend">&nbsp;</span><br>\r\n\r\n<span id="pastemarkerend"></span></p>\r\n', 'The Laguna Resort & Spa', '', '', NULL, '0000-00-00 00:00:00', '2012-10-19 14:35:27', '', NULL, 18, NULL, 0, NULL, 3, NULL, NULL, NULL, NULL, NULL, 5, NULL, NULL, '', '1-1-1-1-1-1-1-1-1-1-1-1-1-1-1-1-1-1-1-1-1', '', '', '', 0, '');
